Date,CYR,Season,Month,Time,Site,Longitude,Latitude,area_sampled,total_count,total_ave_sg,diet_shrimp,diet_crab,diet_items,diet_presence
3/10/2013,2013,DRY,3,0.546527778,39,-80.33772,25.466,3,0,18.6,0,0,0,no food
3/10/2013,2013,DRY,3,0.520138889,40,-80.33714,25.45858,3,0,6.4,1,1,2,food
3/10/2013,2013,DRY,3,0.5,41,-80.33632,25.45553,3,0,33.6,2,1,3,food
3/10/2013,2013,DRY,3,0.479861111,42,-80.3307,25.45031,3,0,0,2,1,3,food
3/10/2013,2013,DRY,3,0.456944444,43,-80.33099,25.44456,3,0,1.2,0,1,1,food
3/10/2013,2013,DRY,3,0.438888889,44,-80.33051,25.44304,3,0,37.04,2,1,3,food
3/10/2013,2013,DRY,3,0.414583333,45,-80.32432,25.4377,3,0,0,0,0,0,no food
3/10/2013,2013,DRY,3,0.396527778,46,-80.32174,25.43744,3,0,11,0,0,0,no food
3/10/2013,2013,DRY,3,0.36875,47,-80.31933,25.43711,3,0,0,0,0,0,no food
3/11/2013,2013,DRY,3,0.399305556,26,-80.33373,25.50586,3,0,5.1,0,1,1,food
3/11/2013,2013,DRY,3,0.416666667,27,-80.33263,25.50409,3,0,27.2,1,0,1,food
3/11/2013,2013,DRY,3,0.431944444,28,-80.33668,25.50502,3,0,23.5,0,0,0,no food
3/11/2013,2013,DRY,3,0.463194444,29,-80.33784,25.50458,3,0,28,1,1,2,food
3/11/2013,2013,DRY,3,0.482638889,30,-80.33949,25.49747,3,4,33,0,0,0,no food
3/11/2013,2013,DRY,3,0.501388889,31,-80.33865,25.49323,3,0,7,0,0,0,no food
3/11/2013,2013,DRY,3,0.535416667,32,-80.34021,25.49037,3,0,26,0,0,0,no food
3/11/2013,2013,DRY,3,0.555555556,33,-80.34001,25.48691,3,0,43,1,0,1,food
3/11/2013,2013,DRY,3,0.570138889,34,-80.33972,25.48528,3,0,14.1,1,1,2,food
3/11/2013,2013,DRY,3,0.588888889,35,-80.34035,25.48025,3,0,7,0,0,0,no food
3/12/2013,2013,DRY,3,0.411111111,15,-80.31237,25.54501,3,0,45.6,0,0,0,no food
3/12/2013,2013,DRY,3,0.4375,16,-80.31284,25.54039,3,0,26.1,3,0,3,food
3/12/2013,2013,DRY,3,0.455555556,17,-80.31336,25.53747,3,0,21.9,1,1,2,food
3/12/2013,2013,DRY,3,0.482638889,18,-80.32869,25.53224,3,0,45.5,0,1,1,food
3/12/2013,2013,DRY,3,0.503472222,19,-80.33117,25.52558,3,0,36.5,0,0,0,no food
3/12/2013,2013,DRY,3,0.527777778,20,-80.33102,25.51838,3,0,26.5,0,0,0,no food
3/12/2013,2013,DRY,3,0.557638889,21,-80.33384,25.51649,3,0,34,0,0,0,no food
3/12/2013,2013,DRY,3,0.575694444,22,-80.33414,25.51541,3,0,34,0,2,2,food
3/12/2013,2013,DRY,3,0.594444444,23,-80.33481,25.51443,3,0,21.4,0,0,0,no food
3/12/2013,2013,DRY,3,0.613194444,24,-80.33522,25.51198,3,0,34.5,0,1,1,food
3/12/2013,2013,DRY,3,0.635416667,25,-80.33568,25.50942,3,0,25.1,1,0,1,food
3/13/2013,2013,DRY,3,0.507638889,10,-80.30264,25.56928,3,2,25.1,1,1,2,food
3/13/2013,2013,DRY,3,0.529861111,11,-80.30338,25.5685,3,0,36,0,1,1,food
3/13/2013,2013,DRY,3,0.572916667,12,-80.30755,25.56171,3,0,39,2,0,2,food
3/13/2013,2013,DRY,3,0.593055556,13,-80.30757,25.55809,3,0,56.1,0,0,0,no food
3/13/2013,2013,DRY,3,0.631944444,14,-80.31012,25.55193,3,0,25,2,1,3,food
3/13/2013,2013,DRY,3,0.422222222,7,-80.3078,25.59441,3,0,49.5,4,0,4,food
3/13/2013,2013,DRY,3,0.46875,8,-80.30502,25.5795,3,0,6.5,1,0,1,food
3/13/2013,2013,DRY,3,0.486111111,9,-80.30349,25.57382,3,0,11,0,1,1,food
3/14/2013,2013,DRY,3,0.548611111,1,-80.28873,25.62922,3,0,42.1,2,0,2,food
3/14/2013,2013,DRY,3,0.517361111,2,-80.29926,25.62385,3,0,38.2,1,0,1,food
3/14/2013,2013,DRY,3,0.493055556,3,-80.30151,25.61747,3,0,59,1,1,2,food
3/14/2013,2013,DRY,3,0.479166667,4,-80.30295,25.6159,3,0,37.5,0,1,1,food
3/14/2013,2013,DRY,3,0.454166667,5,-80.30617,25.61374,3,0,40.1,1,1,2,food
3/14/2013,2013,DRY,3,0.4125,6,-80.30727,25.6093,3,0,45,1,0,1,food
9/3/2013,2013,WET,9,0.386111111,39,-80.33763,25.46571,3,0,8,0,0,0,no food
9/3/2013,2013,WET,9,0.415972222,40,-80.33718,25.45857,3,1,55.7,2,0,2,food
9/3/2013,2013,WET,9,0.435416667,41,-80.33626,25.45552,3,0,33.8,0,0,0,no food
9/3/2013,2013,WET,9,0.45625,42,-80.33064,25.45065,3,0,3.7,0,0,0,no food
9/3/2013,2013,WET,9,0.474305556,43,-80.33095,25.44492,3,1,40.7,4,0,4,food
9/3/2013,2013,WET,9,0.498611111,44,-80.33025,25.44303,3,2,34.9,4,0,4,food
9/3/2013,2013,WET,9,0.518055556,45,-80.32407,25.43772,3,1,38.1,1,0,1,food
9/3/2013,2013,WET,9,0.536805556,46,-80.32159,25.43752,3,0,42.1,0,0,0,no food
9/3/2013,2013,WET,9,0.559722222,47,-80.31931,25.43713,3,1,60.5,0,0,0,no food
9/4/2013,2013,WET,9,0.592361111,27,-80.33264,25.50401,3,0,33.8,1,0,1,food
9/4/2013,2013,WET,9,0.563194444,30,-80.33932,25.49725,3,0,31.1,0,0,0,no food
9/4/2013,2013,WET,9,0.538888889,31,-80.33858,25.49322,3,0,33,0,0,0,no food
9/4/2013,2013,WET,9,0.517361111,32,-80.34003,25.49014,3,0,27,0,0,0,no food
9/4/2013,2013,WET,9,0.495833333,33,-80.33999,25.4867,3,0,47,0,0,0,no food
9/4/2013,2013,WET,9,0.477083333,34,-80.33968,25.48525,3,0,38.6,0,0,0,no food
9/4/2013,2013,WET,9,0.460416667,35,-80.34032,25.48014,3,0,18.2,0,0,0,no food
9/4/2013,2013,WET,9,0.379166667,38,-80.3401,25.46923,3,0,40.5,0,0,0,no food
9/5/2013,2013,WET,9,0.604166667,15,-80.31221,25.54488,3,0,30.5,0,0,0,no food
9/5/2013,2013,WET,9,0.588194444,16,-80.31277,25.54055,3,0,37.1,0,0,0,no food
9/5/2013,2013,WET,9,0.574305556,17,-80.31338,25.53746,3,0,37,0,0,0,no food
9/5/2013,2013,WET,9,0.547222222,18,-80.32884,25.53181,3,1,24,0,0,0,no food
9/5/2013,2013,WET,9,0.528472222,19,-80.33116,25.52556,3,0,24.6,0,0,0,no food
9/5/2013,2013,WET,9,0.505555556,20,-80.33098,25.51823,3,1,20,0,0,0,no food
9/5/2013,2013,WET,9,0.489583333,21,-80.33378,25.5165,3,2,25.1,0,0,0,no food
9/5/2013,2013,WET,9,0.476388889,22,-80.33408,25.51568,3,0,38.5,0,0,0,no food
9/5/2013,2013,WET,9,0.4625,23,-80.33479,25.51439,3,0,27.5,0,0,0,no food
9/5/2013,2013,WET,9,0.447916667,24,-80.33522,25.51207,3,0,35.5,0,1,1,food
9/5/2013,2013,WET,9,0.43125,25,-80.33577,25.5096,3,0,26.5,0,0,0,no food
9/5/2013,2013,WET,9,0.416666667,26,-80.33363,25.50563,3,0,39,0,1,1,food
9/5/2013,2013,WET,9,0.395833333,28,-80.33656,25.50508,3,1,21.7,0,0,0,no food
9/5/2013,2013,WET,9,0.376388889,29,-80.33756,25.5046,3,0,24.51,0,0,0,no food
9/6/2013,2013,WET,9,0.510416667,10,-80.30263,25.56949,3,0,15,0,0,0,no food
9/6/2013,2013,WET,9,0.489583333,11,-80.30341,25.56843,3,0,43.6,0,0,0,no food
9/6/2013,2013,WET,9,0.454166667,12,-80.30761,25.5616,3,0,24.2,0,0,0,no food
9/6/2013,2013,WET,9,0.438194444,13,-80.30758,25.55797,3,0,57.5,0,0,0,no food
9/6/2013,2013,WET,9,0.40625,14,-80.3101,25.55182,3,0,41.3,1,0,1,food
9/6/2013,2013,WET,9,0.579861111,7,-80.30785,25.59453,3,1,23.7,2,0,2,food
9/6/2013,2013,WET,9,0.541666667,8,-80.30505,25.57979,3,0,11.8,0,0,0,no food
9/6/2013,2013,WET,9,0.526388889,9,-80.30343,25.57417,3,0,17,0,0,0,no food
9/8/2013,2013,WET,9,0.522916667,1,-80.28864,25.62928,3,2,40,0,0,0,no food
9/8/2013,2013,WET,9,0.502777778,2,-80.2992,25.62391,3,0,44.1,0,0,0,no food
9/8/2013,2013,WET,9,0.482638889,3,-80.30151,25.61753,3,0,51.8,0,0,0,no food
9/8/2013,2013,WET,9,0.468055556,4,-80.3028,25.61584,3,0,55,0,0,0,no food
9/8/2013,2013,WET,9,0.450694444,5,-80.30614,25.61386,3,0,34.2,0,0,0,no food
9/8/2013,2013,WET,9,0.4,6,-80.30733,25.60906,3,1,15.3,0,0,0,no food
3/15/2014,2014,DRY,3,0.645138889,27,-80.33263,25.50378,3,7,22.6,0,0,0,no food
3/15/2014,2014,DRY,3,0.627083333,28,-80.33662,25.50511,3,0,22.5,2,2,4,food
3/15/2014,2014,DRY,3,0.613194444,29,-80.33788,25.50449,3,2,39.8,0,0,0,no food
3/15/2014,2014,DRY,3,0.590277778,30,-80.33932,25.49727,3,0,26,0,0,0,no food
3/15/2014,2014,DRY,3,0.566666667,31,-80.33881,25.49326,3,1,29,1,0,1,food
3/15/2014,2014,DRY,3,0.55,32,-80.34029,25.49034,3,0,32.5,0,0,0,no food
3/15/2014,2014,DRY,3,0.531944444,33,-80.34003,25.48664,3,1,38.6,0,0,0,no food
3/15/2014,2014,DRY,3,0.5125,34,-80.33983,25.48505,3,0,23.5,0,0,0,no food
3/15/2014,2014,DRY,3,0.495138889,35,-80.34032,25.48031,3,0,15.2,0,0,0,no food
3/15/2014,2014,DRY,3,0.415277778,38,-80.34007,25.46945,3,0,19,2,0,2,food
3/15/2014,2014,DRY,3,0.396527778,39,-80.33765,25.46575,3,0,8.3,1,0,1,food
3/16/2014,2014,DRY,3,0.436805556,17,-80.31329,25.53753,3,0,56.5,0,0,0,no food
3/16/2014,2014,DRY,3,0.484027778,18,-80.3289,25.53169,3,2,20.5,1,0,1,food
3/16/2014,2014,DRY,3,0.510416667,19,-80.33122,25.52548,3,0,14.5,0,0,0,no food
3/16/2014,2014,DRY,3,0.534722222,20,-80.33081,25.51806,3,0,36,0,0,0,no food
3/16/2014,2014,DRY,3,0.552083333,21,-80.33371,25.51657,3,0,23.6,0,0,0,no food
3/16/2014,2014,DRY,3,0.564583333,22,-80.33408,25.51571,3,0,35,0,0,0,no food
3/16/2014,2014,DRY,3,0.581944444,23,-80.33495,25.51448,3,0,38.1,0,0,0,no food
3/16/2014,2014,DRY,3,0.595833333,24,-80.33509,25.51195,3,0,26,0,0,0,no food
3/16/2014,2014,DRY,3,0.611805556,25,-80.33576,25.5096,3,0,40.5,0,0,0,no food
3/16/2014,2014,DRY,3,0.630555556,26,-80.33363,25.50563,3,0,36.5,1,0,1,food
3/31/2014,2014,DRY,3,0.560416667,10,-80.30251,25.56947,3,0,21.1,0,0,0,no food
3/31/2014,2014,DRY,3,0.541666667,11,-80.30329,25.56857,3,0,22.6,3,0,3,food
3/31/2014,2014,DRY,3,0.495138889,12,-80.30768,25.56171,3,0,36,1,0,1,food
3/31/2014,2014,DRY,3,0.470833333,13,-80.30758,25.55799,3,0,53.6,0,1,1,food
3/31/2014,2014,DRY,3,0.427777778,14,-80.31013,25.55181,3,0,29.6,1,1,2,food
3/31/2014,2014,DRY,3,0.408333333,15,-80.31216,25.54482,3,1,4.8,1,0,1,food
3/31/2014,2014,DRY,3,0.384027778,16,-80.31273,25.54065,3,0,29.1,0,0,0,no food
3/31/2014,2014,DRY,3,0.58125,9,-80.30344,25.57422,3,1,32.5,0,0,0,no food
4/1/2014,2014,DRY,4,0.565277778,2,-80.29913,25.62399,3,0,60.2,2,0,2,food
4/1/2014,2014,DRY,4,0.543055556,3,-80.30142,25.61757,3,1,42.1,1,0,1,food
4/1/2014,2014,DRY,4,0.529166667,4,-80.30267,25.61581,3,0,16.1,0,0,0,no food
4/1/2014,2014,DRY,4,0.510416667,5,-80.30605,25.61403,3,0,22.5,0,0,0,no food
4/1/2014,2014,DRY,4,0.46875,6,-80.30741,25.60913,3,0,30.7,0,0,0,no food
4/1/2014,2014,DRY,4,0.445138889,7,-80.30795,25.5949,3,0,79.4,2,1,3,food
4/1/2014,2014,DRY,4,0.405555556,8,-80.30509,25.57985,3,0,18.5,0,0,0,no food
8/25/2014,2014,WET,8,0.503472222,39,-80.33759,25.46566,3,0,10.6,0,0,0,no food
8/25/2014,2014,WET,8,0.477083333,40,-80.3372,25.45862,3,0,26.5,0,0,0,no food
8/25/2014,2014,WET,8,0.461805556,41,-80.33607,25.45519,3,0,27.5,0,0,0,no food
8/25/2014,2014,WET,8,0.444444444,42,-80.33066,25.45032,3,0,4.6,0,0,0,no food
8/25/2014,2014,WET,8,0.429166667,43,-80.33104,25.44461,3,0,23,0,0,0,no food
8/25/2014,2014,WET,8,0.416666667,44,-80.33038,25.44299,3,0,36,0,1,1,food
8/25/2014,2014,WET,8,0.398611111,45,-80.32419,25.43759,3,0,21.5,0,0,0,no food
8/25/2014,2014,WET,8,0.384027778,46,-80.32166,25.43744,3,0,29.5,0,0,0,no food
8/25/2014,2014,WET,8,0.364583333,47,-80.3194,25.4371,3,0,64.5,0,0,0,no food
8/26/2014,2014,WET,8,0.572222222,27,-80.33259,25.50413,3,0,36,1,0,1,food
8/26/2014,2014,WET,8,0.588888889,28,-80.33649,25.50511,3,0,12,1,0,1,food
8/26/2014,2014,WET,8,0.556944444,29,-80.33762,25.50463,3,0,14.5,0,0,0,no food
8/26/2014,2014,WET,8,0.536805556,30,-80.33919,25.49722,3,0,28.6,1,0,1,food
8/26/2014,2014,WET,8,0.517361111,31,-80.3385,25.49324,3,0,3.7,1,0,1,food
8/26/2014,2014,WET,8,0.501388889,32,-80.34013,25.49031,3,0,0,0,0,0,no food
8/26/2014,2014,WET,8,0.475,33,-80.33995,25.48693,3,0,27.7,0,0,0,no food
8/26/2014,2014,WET,8,0.458333333,34,-80.33973,25.48524,3,0,21.7,0,0,0,no food
8/26/2014,2014,WET,8,0.441666667,35,-80.3403,25.48014,3,0,10,0,0,0,no food
8/26/2014,2014,WET,8,0.427083333,36,-80.34032,25.47972,3,0,9.7,2,0,2,food
8/26/2014,2014,WET,8,0.4125,37,-80.34032,25.47713,3,0,17.1,1,0,1,food
8/26/2014,2014,WET,8,0.371527778,38,-80.34013,25.46956,3,0,19,0,0,0,no food
8/27/2014,2014,WET,8,0.392361111,18,-80.32884,25.53185,3,0,52.5,0,0,0,no food
8/27/2014,2014,WET,8,0.413194444,19,-80.33107,25.52553,3,0,50.5,0,0,0,no food
8/27/2014,2014,WET,8,0.430555556,20,-80.33093,25.51831,3,0,49,0,0,0,no food
8/27/2014,2014,WET,8,0.45,21,-80.33366,25.51657,3,0,39.5,1,0,1,food
8/27/2014,2014,WET,8,0.466666667,22,-80.33414,25.5155,3,0,47.5,0,0,0,no food
8/27/2014,2014,WET,8,0.489583333,23,-80.33489,25.51413,3,0,31,0,0,0,no food
8/27/2014,2014,WET,8,0.50625,24,-80.33519,25.51215,3,0,58.2,0,0,0,no food
8/27/2014,2014,WET,8,0.520833333,25,-80.33562,25.50941,3,0,5.8,0,0,0,no food
8/27/2014,2014,WET,8,0.541666667,26,-80.33359,25.5056,3,0,46,0,0,0,no food
9/8/2014,2014,WET,9,0.365972222,1,-80.28844,25.62928,3,0,36.7,0,0,0,no food
9/9/2014,2014,WET,9,0.406944444,10,-80.30262,25.56931,3,0,28.5,1,0,1,food
9/9/2014,2014,WET,9,0.423611111,11,-80.3034,25.56846,3,0,30,0,0,0,no food
9/9/2014,2014,WET,9,0.454861111,12,-80.30757,25.56171,3,0,0,0,0,0,no food
9/9/2014,2014,WET,9,0.471527778,13,-80.30757,25.55794,3,0,8.2,0,0,0,no food
9/9/2014,2014,WET,9,0.503472222,14,-80.31007,25.55184,3,0,6.5,0,0,0,no food
9/9/2014,2014,WET,9,0.525694444,15,-80.31213,25.54484,3,0,4.5,0,0,0,no food
9/9/2014,2014,WET,9,0.541666667,16,-80.31271,25.54063,3,0,19,0,0,0,no food
9/9/2014,2014,WET,9,0.558333333,17,-80.31337,25.53753,3,0,35.1,0,0,0,no food
9/9/2014,2014,WET,9,0.331944444,7,-80.30779,25.59457,3,0,39.6,2,0,2,food
9/9/2014,2014,WET,9,0.375,8,-80.30501,25.57966,3,0,1.1,0,0,0,no food
9/9/2014,2014,WET,9,0.388888889,9,-80.30343,25.57402,3,0,38.6,0,0,0,no food
3/17/2015,2015,DRY,3,0.527777778,42,-80.33057,25.4507,3,0,8.1,0,0,0,no food
3/17/2015,2015,DRY,3,0.496527778,43,-80.33103,25.4451,3,0,17.22222222,2,0,2,food
3/17/2015,2015,DRY,3,0.470833333,44,-80.33028,25.44301,3,0,24.5,0,0,0,no food
3/17/2015,2015,DRY,3,0.440972222,45,-80.32431,25.4377,3,0,8,0,0,0,no food
3/17/2015,2015,DRY,3,0.417361111,46,-80.32182,25.43741,3,0,16.77777778,0,0,0,no food
3/17/2015,2015,DRY,3,0.347222222,47,-80.3194,25.43719,3,0,60.5,0,0,0,no food
3/18/2015,2015,DRY,3,0.591666667,32,-80.33996,25.49019,3,0,26,1,0,1,food
3/18/2015,2015,DRY,3,0.565277778,33,-80.34,25.48681,3,2,42,2,1,3,food
3/18/2015,2015,DRY,3,0.545138889,34,-80.33966,25.48525,3,0,16.5,3,0,3,food
3/18/2015,2015,DRY,3,0.49375,36,-80.34027,25.48012,3,0,22.8,3,0,3,food
3/18/2015,2015,DRY,3,0.470138889,37,-80.34018,25.47716,3,0,38.6,2,0,2,food
3/18/2015,2015,DRY,3,0.445138889,38,-80.34002,25.46941,3,0,44.5,1,0,1,food
3/18/2015,2015,DRY,3,0.416666667,39,-80.33752,25.46568,3,0,12,0,0,0,no food
3/18/2015,2015,DRY,3,0.366666667,40,-80.33721,25.45879,3,0,17.77777778,1,0,1,food
3/18/2015,2015,DRY,3,0.39375,41,-80.33607,25.45522,3,0,33,0,0,0,no food
3/19/2015,2015,DRY,3,0.581944444,22,-80.33398,25.51555,3,0,30,1,1,2,food
3/19/2015,2015,DRY,3,0.563194444,23,-80.33479,25.51429,3,0,53.5,0,1,1,food
3/19/2015,2015,DRY,3,0.544444444,24,-80.33521,25.51215,3,0,27.6,1,0,1,food
3/19/2015,2015,DRY,3,0.526388889,25,-80.33573,25.5097,3,0,20.5,0,0,0,no food
3/19/2015,2015,DRY,3,0.509027778,26,-80.33366,25.50575,3,0,33.5,0,0,0,no food
3/19/2015,2015,DRY,3,0.490277778,27,-80.33254,25.50415,3,0,61.6,0,0,0,no food
3/19/2015,2015,DRY,3,0.46875,28,-80.33662,25.50499,3,0,11,0,0,0,no food
3/19/2015,2015,DRY,3,0.447916667,29,-80.33788,25.50456,3,0,14.6,4,0,4,food
3/19/2015,2015,DRY,3,0.422222222,30,-80.33925,25.49725,3,0,36,0,0,0,no food
3/19/2015,2015,DRY,3,0.391666667,31,-80.33858,25.49326,3,0,18.4,0,0,0,no food
3/20/2015,2015,DRY,3,0.48125,18,-80.32872,25.53195,3,0,31,0,0,0,no food
3/20/2015,2015,DRY,3,0.459027778,19,-80.33108,25.5253,3,0,37.22222222,0,1,1,food
3/20/2015,2015,DRY,3,0.4375,20,-80.33096,25.51828,3,0,48.6,0,0,0,no food
3/20/2015,2015,DRY,3,0.411805556,21,-80.33373,25.51654,3,0,30,1,0,1,food
4/1/2015,2015,DRY,4,0.503472222,10,-80.30251,25.56949,3,0,24,1,0,1,food
4/1/2015,2015,DRY,4,0.4875,11,-80.30307,25.56866,3,0,29,2,0,2,food
4/1/2015,2015,DRY,4,0.452083333,12,-80.30757,25.56178,3,0,17.25,0,1,1,food
4/1/2015,2015,DRY,4,0.429861111,13,-80.3074,25.55777,3,0,14.8,0,0,0,no food
4/1/2015,2015,DRY,4,0.409722222,14,-80.31013,25.55169,3,0,1.5,0,0,0,no food
4/1/2015,2015,DRY,4,0.388194444,15,-80.31223,25.545,3,1,15.7,0,0,0,no food
4/1/2015,2015,DRY,4,0.364583333,16,-80.31276,25.54047,3,0,50.9,0,0,0,no food
4/1/2015,2015,DRY,4,0.340972222,17,-80.31344,25.53711,3,0,42.5,0,0,0,no food
4/2/2015,2015,DRY,4,0.53125,1,-80.28817,25.62919,3,0,25.6,1,0,1,food
4/2/2015,2015,DRY,4,0.507638889,2,-80.29922,25.62379,3,0,38.5,1,0,1,food
4/2/2015,2015,DRY,4,0.486111111,3,-80.30167,25.61746,3,0,36.2,0,0,0,no food
4/2/2015,2015,DRY,4,0.463194444,4,-80.30273,25.61579,3,0,15.7,0,0,0,no food
4/2/2015,2015,DRY,4,0.443055556,5,-80.30614,25.61381,3,0,30.6,1,0,1,food
4/2/2015,2015,DRY,4,0.41875,7,-80.30801,25.59482,3,0,30,0,0,0,no food
4/2/2015,2015,DRY,4,0.364583333,8,-80.30481,25.57934,3,0,17.6,0,0,0,no food
4/2/2015,2015,DRY,4,0.345833333,9,-80.30347,25.57438,3,0,14,0,0,0,no food
9/10/2015,2015,WET,9,0.536111111,38,-80.34008,25.46918,3,0,14.5,3,0,3,food
9/10/2015,2015,WET,9,0.51875,39,-80.33733,25.46552,3,0,6.8,25,0,25,food
9/10/2015,2015,WET,9,0.484027778,40,-80.33723,25.45877,3,0,41,0,0,0,no food
9/10/2015,2015,WET,9,0.466666667,41,-80.33628,25.4556,3,0,39.6,0,0,0,no food
9/10/2015,2015,WET,9,0.448611111,42,-80.33055,25.45041,3,0,1.8,0,0,0,no food
9/10/2015,2015,WET,9,0.429166667,43,-80.33097,25.44466,3,0,26,0,0,0,no food
9/10/2015,2015,WET,9,0.413888889,44,-80.33035,25.44303,3,0,40.5,3,0,3,food
9/10/2015,2015,WET,9,0.39375,45,-80.32407,25.43774,3,0,27.5,0,0,0,no food
9/10/2015,2015,WET,9,0.379166667,46,-80.3217,25.43744,3,0,32.5,0,0,0,no food
9/10/2015,2015,WET,9,0.354166667,47,-80.31934,25.43716,3,0,37,0,0,0,no food
9/11/2015,2015,WET,9,0.522222222,31,-80.3384,25.49329,3,2,56,2,0,2,food
9/11/2015,2015,WET,9,0.501388889,32,-80.33994,25.49021,3,1,25,1,0,1,food
9/11/2015,2015,WET,9,0.48125,33,-80.33991,25.48699,3,0,42,7,0,7,food
9/11/2015,2015,WET,9,0.463888889,34,-80.33974,25.48527,3,0,47.5,5,0,5,food
9/11/2015,2015,WET,9,0.443055556,35,-80.34018,25.48039,3,0,40,1,0,1,food
9/11/2015,2015,WET,9,0.411805556,36,-80.34032,25.47985,3,0,34,0,0,0,no food
9/11/2015,2015,WET,9,0.392361111,37,-80.34028,25.47713,3,2,36,0,0,0,no food
9/12/2015,2015,WET,9,0.582638889,18,-80.32871,25.53192,3,0,34.6,1,0,1,food
9/12/2015,2015,WET,9,0.563888889,19,-80.331,25.52547,3,0,32.5,2,0,2,food
9/12/2015,2015,WET,9,0.545138889,20,-80.3309,25.51857,3,0,53,1,0,1,food
9/12/2015,2015,WET,9,0.529861111,21,-80.33356,25.51674,3,0,9.5,2,0,2,food
9/12/2015,2015,WET,9,0.513888889,22,-80.33408,25.51569,3,0,61.5,2,0,2,food
9/12/2015,2015,WET,9,0.499305556,23,-80.33474,25.51447,3,0,56.5,2,0,2,food
9/12/2015,2015,WET,9,0.477777778,24,-80.33512,25.51219,3,0,57.5,0,0,0,no food
9/12/2015,2015,WET,9,0.461111111,25,-80.33549,25.50941,3,0,68.5,1,0,1,food
9/12/2015,2015,WET,9,0.445138889,26,-80.33369,25.50567,3,0,53,0,0,0,no food
9/12/2015,2015,WET,9,0.429861111,27,-80.33251,25.50411,3,0,49.5,1,0,1,food
9/12/2015,2015,WET,9,0.413194444,28,-80.33663,25.50508,3,0,51,1,0,1,food
9/12/2015,2015,WET,9,0.398611111,29,-80.33785,25.50446,3,0,46.1,1,0,1,food
9/12/2015,2015,WET,9,0.377083333,30,-80.33939,25.49737,3,0,35.2,2,0,2,food
9/14/2015,2015,WET,9,0.586111111,10,-80.30253,25.56951,3,0,49.5,2,0,2,food
9/14/2015,2015,WET,9,0.572916667,11,-80.30318,25.56849,3,0,44,3,0,3,food
9/14/2015,2015,WET,9,0.533333333,12,-80.30753,25.56187,3,0,11,0,0,0,no food
9/14/2015,2015,WET,9,0.518055556,13,-80.30759,25.55811,3,0,8,3,0,3,food
9/14/2015,2015,WET,9,0.48125,14,-80.31017,25.55157,3,1,0,6,0,6,food
9/14/2015,2015,WET,9,0.460416667,15,-80.31248,25.54509,3,0,26.5,0,0,0,no food
9/14/2015,2015,WET,9,0.445833333,16,-80.3128,25.54044,3,0,31,3,0,3,food
9/14/2015,2015,WET,9,0.428472222,17,-80.31334,25.53748,3,0,54,2,0,2,food
9/14/2015,2015,WET,9,0.619444444,8,-80.30484,25.57957,3,0,19,0,0,0,no food
9/14/2015,2015,WET,9,0.602777778,9,-80.3034,25.57389,3,0,26.5,0,0,0,no food
9/16/2015,2015,WET,9,0.575,1,-80.28882,25.62905,3,0,42.5,0,0,0,no food
9/16/2015,2015,WET,9,0.555555556,2,-80.29912,25.62358,3,0,13.1,0,0,0,no food
9/16/2015,2015,WET,9,0.540277778,3,-80.30171,25.61744,3,0,19.7,1,0,1,food
9/16/2015,2015,WET,9,0.520833333,4,-80.30276,25.61585,3,2,46.1,0,0,0,no food
9/16/2015,2015,WET,9,0.501388889,5,-80.30612,25.61335,3,0,21.8,0,0,0,no food
9/16/2015,2015,WET,9,0.464583333,6,-80.30728,25.60904,3,0,19.5,1,0,1,food
9/16/2015,2015,WET,9,0.448611111,7,-80.30761,25.5944,3,0,26,0,0,0,no food
3/20/2016,2016,DRY,3,0.535416667,42,-80.33058,25.45048,3,0,7.6,0,0,0,no food
3/20/2016,2016,DRY,3,0.514583333,43,-80.33103,25.44473,3,0,14.5,1,0,1,food
3/20/2016,2016,DRY,3,0.4875,44,-80.33043,25.44315,3,0,29.1,2,0,2,food
3/20/2016,2016,DRY,3,0.4625,45,-80.32411,25.43766,3,0,8.1,0,0,0,no food
3/20/2016,2016,DRY,3,0.440277778,46,-80.32162,25.43744,3,0,15.1,0,0,0,no food
3/20/2016,2016,DRY,3,0.404861111,47,-80.31935,25.43714,3,0,17,0,0,0,no food
3/24/2016,2016,DRY,3,0.602777778,35,-80.34019,25.48036,3,0,23,2,0,2,food
3/24/2016,2016,DRY,3,0.585416667,36,-80.34022,25.4796,3,0,29.1,0,0,0,no food
3/24/2016,2016,DRY,3,0.534722222,37,-80.34032,25.47703,3,0,30.6,0,1,1,food
3/24/2016,2016,DRY,3,0.506944444,38,-80.34004,25.46936,3,0,20,0,0,0,no food
3/24/2016,2016,DRY,3,0.481944444,39,-80.33748,25.46559,3,0,8.7,0,0,0,no food
3/24/2016,2016,DRY,3,0.453472222,40,-80.33719,25.45888,3,0,26.6,0,0,0,no food
3/24/2016,2016,DRY,3,0.400694444,41,-80.33623,25.45545,3,1,15.5,4,0,4,food
3/28/2016,2016,DRY,3,0.654166667,28,-80.33648,25.50521,3,0,15,0,0,0,no food
3/28/2016,2016,DRY,3,0.631944444,29,-80.33762,25.5046,3,1,25.6,0,0,0,no food
3/28/2016,2016,DRY,3,0.602083333,30,-80.3394,25.49738,3,0,29,0,2,2,food
3/28/2016,2016,DRY,3,0.569444444,31,-80.33878,25.4934,3,0,12.7,3,0,3,food
3/28/2016,2016,DRY,3,0.547222222,32,-80.34033,25.4903,3,0,23,0,1,1,food
3/28/2016,2016,DRY,3,0.514583333,33,-80.33994,25.48689,3,0,38.2,1,0,1,food
3/28/2016,2016,DRY,3,0.486111111,34,-80.33968,25.48536,3,0,40.6,1,1,2,food
3/29/2016,2016,DRY,3,0.561805556,24,-80.33524,25.51205,3,0,30.5,0,4,4,food
3/29/2016,2016,DRY,3,0.542361111,25,-80.33557,25.50932,3,0,18.6,0,0,0,no food
3/29/2016,2016,DRY,3,0.509027778,26,-80.33371,25.50584,3,0,11.2,2,1,3,food
3/29/2016,2016,DRY,3,0.479166667,27,-80.3326,25.50422,3,0,34,1,0,1,food
4/5/2016,2016,DRY,4,0.566666667,14,-80.31005,25.55186,3,0,0.4,0,1,1,food
4/5/2016,2016,DRY,4,0.540277778,15,-80.31237,25.5451,3,1,11.2,1,1,2,food
4/5/2016,2016,DRY,4,0.51875,16,-80.31281,25.54033,3,0,25,1,0,1,food
4/5/2016,2016,DRY,4,0.496527778,17,-80.31335,25.53743,3,0,19,0,0,0,no food
4/5/2016,2016,DRY,4,0.461111111,18,-80.32874,25.53192,3,0,13.9,0,0,0,no food
4/5/2016,2016,DRY,4,0.436805556,19,-80.33105,25.52545,3,1,18.5,1,0,1,food
4/5/2016,2016,DRY,4,0.409027778,20,-80.331,25.51832,3,1,31.7,1,0,1,food
4/5/2016,2016,DRY,4,0.385416667,21,-80.33368,25.5166,3,0,7.4,0,0,0,no food
4/5/2016,2016,DRY,4,0.364583333,22,-80.33413,25.51556,3,0,33.2,2,1,3,food
4/5/2016,2016,DRY,4,0.338194444,23,-80.33471,25.51447,3,0,39.6,1,1,2,food
4/7/2016,2016,DRY,4,0.486111111,10,-80.3025,25.56948,3,0,15.4,1,1,2,food
4/7/2016,2016,DRY,4,0.466666667,11,-80.30326,25.56847,3,1,17.6,0,2,2,food
4/7/2016,2016,DRY,4,0.415277778,12,-80.30744,25.56172,3,0,20,1,1,2,food
4/7/2016,2016,DRY,4,0.392361111,13,-80.30749,25.55808,3,1,2.5,1,0,1,food
4/7/2016,2016,DRY,4,0.586111111,7,-80.30762,25.5942,3,0,18.2,0,0,0,no food
4/7/2016,2016,DRY,4,0.540972222,8,-80.30489,25.57955,3,0,8.7,0,0,0,no food
4/7/2016,2016,DRY,4,0.513194444,9,-80.30344,25.5741,3,0,6.5,0,1,1,food
4/8/2016,2016,DRY,4,0.504166667,1,-80.28876,25.62921,3,1,59.5,5,2,7,food
4/8/2016,2016,DRY,4,0.475,2,-80.29919,25.62386,3,0,19.1,2,0,2,food
4/8/2016,2016,DRY,4,0.452083333,3,-80.30157,25.6175,3,0,40.7,1,1,2,food
4/8/2016,2016,DRY,4,0.434722222,4,-80.3027,25.61575,3,0,16.1,0,1,1,food
4/8/2016,2016,DRY,4,0.411805556,5,-80.30602,25.61378,3,1,19.6,2,0,2,food
4/8/2016,2016,DRY,4,0.363194444,6,-80.30731,25.60924,3,0,32.1,1,4,5,food
9/1/2016,2016,WET,9,0.602083333,40,-80.3372,25.45868,3,0,36.1,0,0,0,no food
9/1/2016,2016,WET,9,0.579166667,41,-80.33611,25.45549,3,0,21.1,0,0,0,no food
9/1/2016,2016,WET,9,0.546527778,42,-80.33061,25.45065,3,0,4.3,0,0,0,no food
9/1/2016,2016,WET,9,0.515277778,43,-80.33089,25.44483,3,0,55.5,1,0,1,food
9/1/2016,2016,WET,9,0.484722222,44,-80.3305,25.44313,3,0,26.6,4,0,4,food
9/1/2016,2016,WET,9,0.452083333,45,-80.32386,25.4377,3,0,52.6,0,0,0,no food
9/1/2016,2016,WET,9,0.426388889,46,-80.32137,25.43749,3,0,36,1,0,1,food
9/1/2016,2016,WET,9,0.384722222,47,-80.31973,25.43685,3,0,67,0,0,0,no food
9/14/2016,2016,WET,9,0.588194444,24,-80.33514,25.51212,3,0,24.2,1,0,1,food
9/14/2016,2016,WET,9,0.563194444,25,-80.33559,25.50942,3,0,16.5,2,1,3,food
9/14/2016,2016,WET,9,0.538194444,26,-80.33371,25.50584,3,0,32.3,1,1,2,food
9/14/2016,2016,WET,9,0.500694444,27,-80.33259,25.50412,3,0,69,0,0,0,no food
9/14/2016,2016,WET,9,0.475694444,28,-80.3367,25.50515,3,0,30.3,4,1,5,food
9/14/2016,2016,WET,9,0.454166667,29,-80.33762,25.5046,3,0,30.6,6,0,6,food
9/14/2016,2016,WET,9,0.427777778,30,-80.33935,25.49736,3,0,45,4,0,4,food
9/14/2016,2016,WET,9,0.401388889,31,-80.33867,25.4933,3,0,16,0,0,0,no food
9/14/2016,2016,WET,9,0.377083333,32,-80.3403,25.4903,3,0,23.5,5,0,5,food
9/14/2016,2016,WET,9,0.349305556,33,-80.34,25.4869,3,0,48.1,3,1,4,food
9/15/2016,2016,WET,9,0.505555556,14,-80.31007,25.55183,3,0,1,1,0,1,food
9/15/2016,2016,WET,9,0.486111111,15,-80.3124,25.54512,3,0,10,0,0,0,no food
9/15/2016,2016,WET,9,0.463194444,16,-80.31277,25.54042,3,0,46.5,0,0,0,no food
9/15/2016,2016,WET,9,0.440277778,17,-80.31334,25.53758,3,0,40.5,0,0,0,no food
9/15/2016,2016,WET,9,0.566666667,18,-80.32866,25.53214,3,0,12.5,0,0,0,no food
9/15/2016,2016,WET,9,0.598611111,19,-80.33101,25.52552,3,0,21.5,2,0,2,food
9/15/2016,2016,WET,9,0.348611111,20,-80.3309,25.51839,3,0,24.3,3,0,3,food
9/15/2016,2016,WET,9,0.372916667,21,-80.33368,25.5166,3,0,39.8,6,1,7,food
9/15/2016,2016,WET,9,0.392361111,22,-80.33409,25.51557,3,0,17.4,4,0,4,food
9/15/2016,2016,WET,9,0.409027778,23,-80.33474,25.51437,3,0,21.4,3,0,3,food
9/16/2016,2016,WET,9,0.447222222,10,-80.30258,25.56946,3,0,22.1,2,0,2,food
9/16/2016,2016,WET,9,0.427083333,11,-80.30344,25.56836,3,0,45.5,1,0,1,food
9/16/2016,2016,WET,9,0.353472222,12,-80.30756,25.56168,3,0,46,3,1,4,food
9/16/2016,2016,WET,9,0.377083333,13,-80.3075,25.55797,3,0,16.7,1,0,1,food
9/16/2016,2016,WET,9,0.550694444,7,-80.30779,25.59433,3,0,58,0,0,0,no food
9/16/2016,2016,WET,9,0.49375,8,-80.30509,25.57967,3,0,5,0,0,0,no food
9/16/2016,2016,WET,9,0.470833333,9,-80.30348,25.57393,3,0,19.5,0,0,0,no food
9/17/2016,2016,WET,9,0.4875,1,-80.28863,25.62929,3,0,42,0,0,0,no food
9/17/2016,2016,WET,9,0.459027778,2,-80.29929,25.62389,3,0,24.7,0,0,0,no food
9/17/2016,2016,WET,9,0.4375,3,-80.30158,25.61752,3,0,23.5,1,0,1,food
9/17/2016,2016,WET,9,0.419444444,4,-80.30282,25.61579,3,0,52.6,0,0,0,no food
9/17/2016,2016,WET,9,0.397222222,5,-80.3061,25.61375,3,0,45.2,0,0,0,no food
9/17/2016,2016,WET,9,0.354861111,6,-80.30733,25.60923,3,0,78.7,0,0,0,no food
9/2/2016,2016,WET,9,0.545833333,34,-80.33969,25.4854,3,0,50.5,0,0,0,no food
9/2/2016,2016,WET,9,0.520833333,35,-80.34012,25.48045,3,0,33.6,0,0,0,no food
9/2/2016,2016,WET,9,0.502083333,36,-80.34027,25.47968,3,0,25,1,0,1,food
9/2/2016,2016,WET,9,0.477777778,37,-80.3403,25.477,3,0,24.1,2,0,2,food
9/2/2016,2016,WET,9,0.424305556,38,-80.33997,25.46902,3,0,24.5,3,0,3,food
9/2/2016,2016,WET,9,0.394444444,39,-80.33739,25.46554,3,0,20.1,1,0,1,food
10/10/2017,2017,WET,10,0.597222222,12,-80.30749,25.56169,3,1,8,1,0,1,food
10/10/2017,2017,WET,10,0.563194444,13,-80.30755,25.55812,3,1,4.5,0,2,2,food
10/10/2017,2017,WET,10,0.511111111,14,-80.31004,25.55189,3,1,0.7,0,1,1,food
10/10/2017,2017,WET,10,0.484027778,15,-80.31229,25.54502,3,0,16.1,0,0,0,no food
10/10/2017,2017,WET,10,0.459027778,16,-80.31281,25.54041,3,0,40.5,0,1,1,food
10/10/2017,2017,WET,10,0.427777778,17,-80.31332,25.53751,3,0,24.9,1,0,1,food
10/11/2017,2017,WET,10,0.684722222,1,-80.28877,25.62913,3,0,13.5,3,7,10,food
10/11/2017,2017,WET,10,0.465972222,10,-80.30257,25.56929,3,0,45,0,0,0,no food
10/11/2017,2017,WET,10,0.418055556,11,-80.30323,25.56847,3,2,55,2,1,3,food
10/11/2017,2017,WET,10,0.640972222,2,-80.29916,25.62387,3,0,23.6,0,0,0,no food
10/11/2017,2017,WET,10,0.613194444,3,-80.30148,25.61749,3,0,52.5,0,1,1,food
10/11/2017,2017,WET,10,0.56875,7,-80.30782,25.59448,3,0,31.5,0,2,2,food
10/11/2017,2017,WET,10,0.513888889,8,-80.30497,25.57961,3,0,15.1,3,0,3,food
10/11/2017,2017,WET,10,0.488888889,9,-80.3034,25.57386,3,1,26,0,0,0,no food
10/13/2017,2017,WET,10,0.7125,4,-80.30274,25.61585,3,0,81.5,1,2,3,food
10/13/2017,2017,WET,10,0.672222222,5,-80.30609,25.61368,3,0,14,0,1,1,food
10/13/2017,2017,WET,10,0.569444444,6,-80.3074,25.6093,3,0,1,0,0,0,no food
10/2/2017,2017,WET,10,0.506944444,43,-80.33096,25.44467,3,2,33,0,0,0,no food
10/2/2017,2017,WET,10,0.45625,44,-80.33046,25.44306,3,18,10.5,5,0,5,food
10/2/2017,2017,WET,10,0.420833333,45,-80.32415,25.43773,3,2,43.1,0,0,0,no food
10/2/2017,2017,WET,10,0.394444444,46,-80.32184,25.43748,3,1,41.5,0,0,0,no food
10/2/2017,2017,WET,10,0.35,47,-80.31954,25.43688,3,2,56,1,0,1,food
10/6/2017,2017,WET,10,0.542361111,38,-80.3401,25.46924,3,0,22.1,1,2,3,food
10/6/2017,2017,WET,10,0.517361111,39,-80.33754,25.46571,3,0,8.6,3,2,5,food
10/6/2017,2017,WET,10,0.44375,40,-80.33715,25.45874,3,1,19.6,1,0,1,food
10/6/2017,2017,WET,10,0.414583333,41,-80.33613,25.45532,3,3,20.6,1,0,1,food
10/6/2017,2017,WET,10,0.381944444,42,-80.33055,25.45036,3,0,1,0,5,5,food
10/7/2017,2017,WET,10,0.597916667,30,-80.33931,25.49728,3,1,16.1,0,0,0,no food
10/7/2017,2017,WET,10,0.552083333,31,-80.33863,25.4933,3,0,15.5,0,0,0,no food
10/7/2017,2017,WET,10,0.522222222,32,-80.3403,25.49033,3,0,48,0,1,1,food
10/7/2017,2017,WET,10,0.484027778,33,-80.33996,25.48694,3,1,42.2,0,2,2,food
10/7/2017,2017,WET,10,0.459722222,34,-80.33969,25.48522,3,0,47.5,0,0,0,no food
10/7/2017,2017,WET,10,0.432638889,35,-80.34026,25.48028,3,0,8,0,0,0,no food
10/7/2017,2017,WET,10,0.409027778,36,-80.34027,25.47966,3,0,12,0,0,0,no food
10/7/2017,2017,WET,10,0.377083333,37,-80.34027,25.47711,3,0,5.1,0,0,0,no food
10/8/2017,2017,WET,10,0.659722222,18,-80.32871,25.53189,3,0,30.5,0,1,1,food
10/8/2017,2017,WET,10,0.633333333,19,-80.33115,25.52559,3,0,11,0,1,1,food
10/8/2017,2017,WET,10,0.611111111,20,-80.33097,25.51839,3,0,46.5,2,1,3,food
10/8/2017,2017,WET,10,0.588194444,21,-80.33372,25.51652,3,0,14.5,0,7,7,food
10/8/2017,2017,WET,10,0.569444444,22,-80.33399,25.51565,3,0,32.7,0,2,2,food
10/8/2017,2017,WET,10,0.549305556,23,-80.33471,25.51443,3,0,28.2,0,0,0,no food
10/8/2017,2017,WET,10,0.51875,24,-80.33529,25.51197,3,0,20.5,2,1,3,food
10/8/2017,2017,WET,10,0.499305556,25,-80.33561,25.50953,3,0,22.1,0,1,1,food
10/8/2017,2017,WET,10,0.476388889,26,-80.33369,25.50575,3,1,21.6,3,3,6,food
10/8/2017,2017,WET,10,0.45625,27,-80.3326,25.50394,3,1,57,1,4,5,food
10/8/2017,2017,WET,10,0.431944444,28,-80.33661,25.50504,3,0,35.7,2,2,4,food
10/8/2017,2017,WET,10,0.395833333,29,-80.33781,25.50446,3,2,33.6,0,2,2,food
3/10/2017,2017,DRY,3,0.506944444,41,-80.3361,25.45549,3,0,17,1,0,1,food
3/10/2017,2017,DRY,3,0.48125,42,-80.3306,25.45043,3,0,6.2,0,0,0,no food
3/10/2017,2017,DRY,3,0.451388889,43,-80.3311,25.4447,3,0,19.3,2,0,2,food
3/10/2017,2017,DRY,3,0.416666667,44,-80.3305,25.44313,3,1,46.1,0,0,0,no food
3/10/2017,2017,DRY,3,0.385416667,45,-80.3242,25.43767,3,1,23.5,0,0,0,no food
3/10/2017,2017,DRY,3,0.3625,46,-80.3217,25.43742,3,0,11.1,2,0,2,food
3/10/2017,2017,DRY,3,0.326388889,47,-80.3194,25.43708,3,0,33.5,0,0,0,no food
3/11/2017,2017,DRY,3,0.548611111,31,-80.3386,25.49321,3,0,14.7,2,0,2,food
3/11/2017,2017,DRY,3,0.524305556,32,-80.3403,25.4903,3,0,30,0,0,0,no food
3/11/2017,2017,DRY,3,0.495138889,33,-80.34,25.4869,3,0,38.5,1,0,1,food
3/11/2017,2017,DRY,3,0.479166667,34,-80.3397,25.48522,3,0,29.9,3,0,3,food
3/11/2017,2017,DRY,3,0.451388889,35,-80.3403,25.48029,3,0,21.5,2,0,2,food
3/11/2017,2017,DRY,3,0.427083333,36,-80.3403,25.47961,3,0,22.5,2,0,2,food
3/11/2017,2017,DRY,3,0.404861111,37,-80.3403,25.477,3,0,26.1,1,1,2,food
3/11/2017,2017,DRY,3,0.359722222,38,-80.3401,25.46918,3,0,18.1,1,0,1,food
3/11/2017,2017,DRY,3,0.335416667,39,-80.3376,25.46573,3,0,10.3,1,0,1,food
3/11/2017,2017,DRY,3,0.293055556,40,-80.3372,25.45868,3,2,28.125,0,0,0,no food
3/12/2017,2017,DRY,3,0.58125,19,-80.33118,25.5256,3,0,44.5,0,0,0,no food
3/12/2017,2017,DRY,3,0.558333333,20,-80.33096,25.51834,3,0,60,0,0,0,no food
3/12/2017,2017,DRY,3,0.517361111,22,-80.334,25.51557,3,0,53.5,2,0,2,food
3/12/2017,2017,DRY,3,0.496527778,23,-80.33472,25.51452,3,0,52.5,0,1,1,food
3/12/2017,2017,DRY,3,0.477083333,24,-80.33517,25.51208,3,0,46.5,3,0,3,food
3/12/2017,2017,DRY,3,0.453472222,25,-80.3356,25.50952,3,1,32,0,0,0,no food
3/12/2017,2017,DRY,3,0.430555556,26,-80.33364,25.50558,3,0,28,0,0,0,no food
3/12/2017,2017,DRY,3,0.407638889,27,-80.3326,25.50401,3,0,46,0,0,0,no food
3/12/2017,2017,DRY,3,0.3625,29,-80.3377,25.50438,3,0,28.6,4,0,4,food
3/13/2017,2017,DRY,3,0.563888889,10,-80.3026,25.56941,3,3,15.7,3,1,4,food
3/13/2017,2017,DRY,3,0.55,11,-80.30326,25.56847,3,0,18.5,1,0,1,food
3/13/2017,2017,DRY,3,0.497222222,12,-80.3076,25.56176,3,0,15.7,4,0,4,food
3/13/2017,2017,DRY,3,0.480555556,13,-80.3075,25.55806,3,1,0.8,2,0,2,food
3/13/2017,2017,DRY,3,0.432638889,14,-80.3101,25.5518,3,0,0.2,0,0,0,no food
3/13/2017,2017,DRY,3,0.406944444,15,-80.3124,25.54509,3,0,14.1,2,0,2,food
3/13/2017,2017,DRY,3,0.383333333,16,-80.3128,25.54042,3,0,7.1,1,0,1,food
3/13/2017,2017,DRY,3,0.344444444,17,-80.3133,25.53753,3,2,28.6,2,0,2,food
3/13/2017,2017,DRY,3,0.589583333,9,-80.30332,25.57401,3,0,6,1,0,1,food
3/14/2017,2017,DRY,3,0.583333333,1,-80.2887,25.62922,3,0,21.7,5,0,5,food
3/14/2017,2017,DRY,3,0.549305556,2,-80.29919,25.62386,3,0,16,10,0,10,food
3/14/2017,2017,DRY,3,0.515972222,3,-80.3015,25.61747,3,0,44.2,2,0,2,food
3/14/2017,2017,DRY,3,0.494444444,4,-80.303,25.6159,3,0,16.5,0,0,0,no food
3/14/2017,2017,DRY,3,0.473611111,5,-80.3061,25.61375,3,0,20.1,5,0,5,food
3/14/2017,2017,DRY,3,0.433333333,6,-80.30731,25.60924,3,0,28.5,0,0,0,no food
3/14/2017,2017,DRY,3,0.400694444,7,-80.30791,25.5944,3,1,35.5,4,0,4,food
3/14/2017,2017,DRY,3,0.346527778,8,-80.30478,25.57945,3,0,9.1,0,0,0,no food
2/26/2018,2018,DRY,2,0.43125,41,-80.3361,25.45535,3,0,42.5,2,2,4,food
2/26/2018,2018,DRY,2,0.399305556,42,-80.33054,25.4505,3,0,7,1,0,1,food
2/26/2018,2018,DRY,2,0.334027778,47,-80.3193,25.43726,3,1,35,1,1,2,food
2/27/2018,2018,DRY,2,0.465277778,38,-80.33999,25.46915,3,0,8.5,1,1,2,food
2/27/2018,2018,DRY,2,0.439583333,39,-80.33752,25.46579,3,0,17.7,0,2,2,food
2/27/2018,2018,DRY,2,0.407638889,40,-80.33714,25.45869,3,3,28.7,4,1,5,food
2/27/2018,2018,DRY,2,0.379861111,43,-80.33097,25.4447,3,1,7.5,0,4,4,food
2/27/2018,2018,DRY,2,0.355555556,44,-80.33048,25.44315,3,3,21.6,2,1,3,food
2/27/2018,2018,DRY,2,0.329166667,45,-80.3242,25.43771,3,0,5.7,2,2,4,food
2/27/2018,2018,DRY,2,0.302083333,46,-80.32163,25.43755,3,0,9.5,2,4,6,food
2/28/2018,2018,DRY,2,0.556944444,28,-80.33664,25.50506,3,0,36,0,1,1,food
2/28/2018,2018,DRY,2,0.531944444,29,-80.33773,25.50437,3,0,17,1,3,4,food
2/28/2018,2018,DRY,2,0.507638889,30,-80.3393,25.49732,3,0,32.5,1,0,1,food
2/28/2018,2018,DRY,2,0.472916667,31,-80.33855,25.49322,3,0,4.2,0,0,0,no food
2/28/2018,2018,DRY,2,0.449305556,32,-80.34028,25.49032,3,0,23.5,3,0,3,food
2/28/2018,2018,DRY,2,0.420833333,33,-80.33994,25.48685,3,0,37,0,3,3,food
2/28/2018,2018,DRY,2,0.401388889,34,-80.33974,25.48518,3,0,14,1,2,3,food
2/28/2018,2018,DRY,2,0.376388889,35,-80.34025,25.48027,3,0,11.6,1,2,3,food
2/28/2018,2018,DRY,2,0.356944444,36,-80.34018,25.47957,3,0,15.5,1,0,1,food
2/28/2018,2018,DRY,2,0.319444444,37,-80.34027,25.47697,3,0,39,2,3,5,food
3/1/2018,2018,DRY,3,0.53125,18,-80.32874,25.53193,3,4,41.5,0,4,4,food
3/1/2018,2018,DRY,3,0.502777778,19,-80.33113,25.52548,3,1,30.5,1,2,3,food
3/1/2018,2018,DRY,3,0.479166667,20,-80.33088,25.5183,3,0,17.5,0,1,1,food
3/1/2018,2018,DRY,3,0.454166667,21,-80.33369,25.51651,3,0,14,2,4,6,food
3/1/2018,2018,DRY,3,0.427083333,22,-80.33408,25.51553,3,0,11,3,3,6,food
3/1/2018,2018,DRY,3,0.404166667,23,-80.33463,25.5143,3,0,23.1,3,6,9,food
3/1/2018,2018,DRY,3,0.383333333,24,-80.33518,25.51192,3,0,27.1,4,1,5,food
3/1/2018,2018,DRY,3,0.3625,25,-80.33556,25.5095,3,0,25,2,4,6,food
3/1/2018,2018,DRY,3,0.335416667,26,-80.33353,25.50563,3,0,35.5,0,3,3,food
3/1/2018,2018,DRY,3,0.309722222,27,-80.33267,25.50392,3,0,28.5,1,2,3,food
3/2/2018,2018,DRY,3,0.517361111,10,-80.30253,25.56933,3,0,35,0,0,0,no food
3/2/2018,2018,DRY,3,0.497916667,11,-80.30336,25.56837,3,0,21,0,0,0,no food
3/2/2018,2018,DRY,3,0.445833333,12,-80.30749,25.56173,3,0,14.5,1,8,9,food
3/2/2018,2018,DRY,3,0.426388889,13,-80.30753,25.55794,3,0,11.6,1,5,6,food
3/2/2018,2018,DRY,3,0.380555556,14,-80.3101,25.55165,3,0,15,2,2,4,food
3/2/2018,2018,DRY,3,0.356944444,15,-80.31229,25.54509,3,0,10.6,2,2,4,food
3/2/2018,2018,DRY,3,0.330555556,16,-80.31267,25.54035,3,0,82,2,1,3,food
3/2/2018,2018,DRY,3,0.299305556,17,-80.31323,25.53748,3,0,65.5,0,0,0,no food
3/2/2018,2018,DRY,3,0.539583333,9,-80.30335,25.57387,3,0,16,4,4,8,food
3/3/2018,2018,DRY,3,0.556944444,1,-80.28872,25.62915,3,0,26,2,1,3,food
3/3/2018,2018,DRY,3,0.526388889,2,-80.29916,25.62388,3,0,15.3,0,1,1,food
3/3/2018,2018,DRY,3,0.496527778,3,-80.30162,25.61734,3,0,13.6,1,1,2,food
3/3/2018,2018,DRY,3,0.473611111,4,-80.3027,25.61581,3,0,44.7,1,0,1,food
3/3/2018,2018,DRY,3,0.452777778,5,-80.30609,25.6136,3,0,71,0,3,3,food
3/3/2018,2018,DRY,3,0.411111111,6,-80.30727,25.60926,3,0,13,0,3,3,food
3/3/2018,2018,DRY,3,0.386805556,7,-80.30785,25.59436,3,0,53.1,10,3,13,food
3/3/2018,2018,DRY,3,0.364583333,8,-80.30496,25.57974,3,0,15.3,0,0,0,no food
9/10/2018,2018,WET,9,0.563194444,10,-80.30249,25.5694,3,1,18.3,1,2,3,food
9/10/2018,2018,WET,9,0.546527778,11,-80.30338,25.56835,3,0,52.5,0,0,0,no food
9/10/2018,2018,WET,9,0.49375,12,-80.30746,25.56174,3,0,44.5,0,0,0,no food
9/10/2018,2018,WET,9,0.472222222,13,-80.30745,25.558,3,0,11.2,1,1,2,food
9/10/2018,2018,WET,9,0.43125,14,-80.31001,25.55175,3,0,8.5,0,0,0,no food
9/10/2018,2018,WET,9,0.40625,15,-80.31241,25.5451,3,0,21.7,3,0,3,food
9/10/2018,2018,WET,9,0.3875,16,-80.31271,25.54042,3,0,49,3,1,4,food
9/10/2018,2018,WET,9,0.359722222,17,-80.31321,25.53753,3,0,63,0,1,1,food
9/10/2018,2018,WET,9,0.592361111,9,-80.30336,25.57399,3,0,55.7,1,1,2,food
9/11/2018,2018,WET,9,0.609027778,1,-80.28863,25.62915,3,0,30.6,6,2,8,food
9/11/2018,2018,WET,9,0.580555556,2,-80.29919,25.62387,3,0,0,0,0,0,no food
9/11/2018,2018,WET,9,0.552083333,3,-80.30161,25.61736,3,0,14.5,0,0,0,no food
9/11/2018,2018,WET,9,0.531944444,4,-80.30279,25.61586,3,0,33.6,0,0,0,no food
9/11/2018,2018,WET,9,0.498611111,5,-80.30602,25.61377,3,0,0,0,0,0,no food
9/11/2018,2018,WET,9,0.438194444,6,-80.3073,25.60927,3,0,0,0,0,0,no food
9/11/2018,2018,WET,9,0.404166667,7,-80.30781,25.5944,3,0,0,0,0,0,no food
9/11/2018,2018,WET,9,0.357638889,8,-80.30493,25.57964,3,0,10.1,0,0,0,no food
9/6/2018,2018,WET,9,0.540972222,36,-80.34008,25.47976,3,5,19.5,1,0,1,food
9/6/2018,2018,WET,9,0.491666667,38,-80.34006,25.46924,3,0,9.5,2,0,2,food
9/6/2018,2018,WET,9,0.471527778,39,-80.33757,25.46579,3,0,11.6,0,0,0,no food
9/6/2018,2018,WET,9,0.441666667,40,-80.33707,25.45875,3,1,46.3,2,0,2,food
9/6/2018,2018,WET,9,0.420833333,41,-80.33602,25.45531,3,4,50.5,0,0,0,no food
9/6/2018,2018,WET,9,0.398611111,42,-80.33061,25.45044,3,0,5.2,1,0,1,food
9/6/2018,2018,WET,9,0.377777778,43,-80.33099,25.44474,3,2,34.6,2,1,3,food
9/6/2018,2018,WET,9,0.359027778,44,-80.33044,25.44311,3,1,12.5,3,0,3,food
9/6/2018,2018,WET,9,0.330555556,45,-80.32417,25.43776,3,1,43,2,0,2,food
9/6/2018,2018,WET,9,0.303472222,46,-80.32178,25.43755,3,0,17.5,0,0,0,no food
9/6/2018,2018,WET,9,0.620138889,47,-80.31928,25.43708,3,0,33,3,0,3,food
9/7/2018,2018,WET,9,0.543055556,26,-80.3335,25.50572,3,0,14.8,3,0,3,food
9/7/2018,2018,WET,9,0.525,27,-80.33262,25.50398,3,0,18.4,3,0,3,food
9/7/2018,2018,WET,9,0.506944444,28,-80.3366,25.50493,3,0,11.2,3,0,3,food
9/7/2018,2018,WET,9,0.488888889,29,-80.33757,25.50437,3,0,14.3,0,1,1,food
9/7/2018,2018,WET,9,0.465972222,30,-80.33943,25.49733,3,0,18.5,2,0,2,food
9/7/2018,2018,WET,9,0.438888889,31,-80.33862,25.49323,3,0,13.5,0,0,0,no food
9/7/2018,2018,WET,9,0.419444444,32,-80.3402,25.49023,3,0,24,3,0,3,food
9/7/2018,2018,WET,9,0.393055556,33,-80.33995,25.48682,3,0,23.3,2,0,2,food
9/7/2018,2018,WET,9,0.374305556,34,-80.33972,25.48513,3,1,27.6,5,1,6,food
9/7/2018,2018,WET,9,0.352083333,35,-80.34015,25.48018,3,0,17,4,1,5,food
9/7/2018,2018,WET,9,0.327083333,37,-80.34027,25.47705,3,0,28.7,0,0,0,no food
9/8/2018,2018,WET,9,0.479166667,18,-80.3286,25.53195,3,0,14.5,0,0,0,no food
9/8/2018,2018,WET,9,0.45625,19,-80.33108,25.5256,3,0,14,3,0,3,food
9/8/2018,2018,WET,9,0.432638889,20,-80.33093,25.51828,3,0,20.5,0,0,0,no food
9/8/2018,2018,WET,9,0.410416667,21,-80.3337,25.51652,3,0,10.6,0,0,0,no food
9/8/2018,2018,WET,9,0.389583333,22,-80.33408,25.51562,3,0,14.4,2,0,2,food
9/8/2018,2018,WET,9,0.369444444,23,-80.33478,25.51435,3,0,18.2,2,0,2,food
9/8/2018,2018,WET,9,0.35,24,-80.33527,25.51193,3,0,13,2,1,3,food
9/8/2018,2018,WET,9,0.322916667,25,-80.33555,25.50945,3,0,16.7,2,1,3,food
3/11/2019,2019,DRY,3,0.534722222,10,-80.30254,25.56931,3,0,18,0,3,3,food
3/11/2019,2019,DRY,3,0.51875,11,-80.30334,25.56835,3,0,55.2,3,1,4,food
3/11/2019,2019,DRY,3,0.640972222,6,-80.30725,25.6092,3,0,28,5,6,11,food
3/11/2019,2019,DRY,3,0.613194444,7,-80.30772,25.59436,3,2,13.6,0,3,3,food
3/11/2019,2019,DRY,3,0.574305556,8,-80.30494,25.57968,3,0,8.4,1,1,2,food
3/11/2019,2019,DRY,3,0.554861111,9,-80.30328,25.57396,3,0,19.1,0,1,1,food
3/12/2019,2019,DRY,3,0.558333333,1,-80.2887,25.62922,3,0,18.1,1,2,3,food
3/12/2019,2019,DRY,3,0.527083333,2,-80.29921,25.62381,3,0,33.1,3,1,4,food
3/12/2019,2019,DRY,3,0.501388889,3,-80.30151,25.61736,3,0,19.1,2,0,2,food
3/12/2019,2019,DRY,3,0.480555556,4,-80.30272,25.61577,3,0,23.2,0,0,0,no food
3/12/2019,2019,DRY,3,0.451388889,5,-80.30611,25.6137,3,0,1.7,0,2,2,food
3/3/2019,2019,DRY,3,0.541666667,38,-80.34012,25.46918,3,0,27,1,1,2,food
3/3/2019,2019,DRY,3,0.518055556,39,-80.33757,25.46573,3,0,18.8,0,1,1,food
3/3/2019,2019,DRY,3,0.486111111,40,-80.33715,25.45868,3,0,45.2,0,0,0,no food
3/3/2019,2019,DRY,3,0.461111111,41,-80.33611,25.45535,3,4,43.3,3,1,4,food
3/3/2019,2019,DRY,3,0.433333333,42,-80.33055,25.45043,3,0,3.7,0,1,1,food
3/3/2019,2019,DRY,3,0.411111111,43,-80.33109,25.4447,3,2,30.5,0,1,1,food
3/3/2019,2019,DRY,3,0.392361111,44,-80.33051,25.44313,3,1,18.3,2,0,2,food
3/3/2019,2019,DRY,3,0.364583333,45,-80.32418,25.43767,3,1,7,0,0,0,no food
3/3/2019,2019,DRY,3,0.34375,46,-80.32169,25.43742,3,0,16.7,0,0,0,no food
3/3/2019,2019,DRY,3,0.3,47,-80.31936,25.43708,3,2,35.5,0,1,1,food
3/4/2019,2019,DRY,3,0.504166667,28,-80.33663,25.50504,3,0,17.1,0,0,0,no food
3/4/2019,2019,DRY,3,0.485416667,29,-80.3376,25.5043,3,1,18.2,0,0,0,no food
3/4/2019,2019,DRY,3,0.461111111,30,-80.33928,25.49726,3,1,34.5,0,0,0,no food
3/4/2019,2019,DRY,3,0.438888889,31,-80.33868,25.4932,3,0,8,1,3,4,food
3/4/2019,2019,DRY,3,0.41875,32,-80.34026,25.49034,3,0,11,0,1,1,food
3/4/2019,2019,DRY,3,0.395138889,33,-80.33988,25.48688,3,0,37.3,6,1,7,food
3/4/2019,2019,DRY,3,0.375694444,34,-80.33963,25.48513,3,0,43.1,4,1,5,food
3/4/2019,2019,DRY,3,0.353472222,35,-80.34026,25.48019,3,0,21.5,4,2,6,food
3/4/2019,2019,DRY,3,0.3375,36,-80.34017,25.47957,3,0,31.1,1,2,3,food
3/4/2019,2019,DRY,3,0.31875,37,-80.34026,25.47697,3,1,35.5,1,1,2,food
3/5/2019,2019,DRY,3,0.564583333,16,-80.31271,25.54033,3,1,46.1,0,0,0,no food
3/5/2019,2019,DRY,3,0.543055556,17,-80.31329,25.5373,3,1,35.8,1,1,2,food
3/5/2019,2019,DRY,3,0.506944444,18,-80.32861,25.53186,3,0,16.6,1,1,2,food
3/5/2019,2019,DRY,3,0.484027778,19,-80.33108,25.5256,3,0,27.5,2,0,2,food
3/5/2019,2019,DRY,3,0.459722222,20,-80.3308,25.51841,3,0,12.5,1,0,1,food
3/5/2019,2019,DRY,3,0.436111111,21,-80.33363,25.51642,3,0,9,0,0,0,no food
3/5/2019,2019,DRY,3,0.413194444,22,-80.33397,25.51555,3,0,12.6,3,0,3,food
3/5/2019,2019,DRY,3,0.390972222,23,-80.33466,25.51429,3,0,14,0,3,3,food
3/5/2019,2019,DRY,3,0.370833333,24,-80.33519,25.51191,3,0,13.5,1,3,4,food
3/5/2019,2019,DRY,3,0.350694444,25,-80.33546,25.50958,3,0,12,0,4,4,food
3/5/2019,2019,DRY,3,0.325694444,26,-80.3335,25.50567,3,1,21.4,2,0,2,food
3/5/2019,2019,DRY,3,0.3,27,-80.3325,25.50406,3,3,30.2,0,0,0,no food
3/8/2019,2019,DRY,3,0.427777778,12,-80.30747,25.56175,3,0,36.5,0,2,2,food
3/8/2019,2019,DRY,3,0.405555556,13,-80.30746,25.55801,3,0,29,1,1,2,food
3/8/2019,2019,DRY,3,0.368055556,14,-80.31015,25.55174,3,0,1,2,0,2,food
3/8/2019,2019,DRY,3,0.336805556,15,-80.31244,25.54516,3,1,30.7,1,1,2,food
9/11/2019,2019,WET,9,0.559722222,39,-80.33757,25.46573,3,0,36.6,0,0,0,no food
9/11/2019,2019,WET,9,0.525,40,-80.33715,25.45868,3,4,36.5,2,1,3,food
9/11/2019,2019,WET,9,0.492361111,41,-80.33611,25.45535,3,1,40.6,0,0,0,no food
9/11/2019,2019,WET,9,0.444444444,43,-80.33109,25.4447,3,3,37,3,2,5,food
9/11/2019,2019,WET,9,0.421527778,44,-80.33051,25.44313,3,4,36.5,1,1,2,food
9/11/2019,2019,WET,9,0.381944444,45,-80.32418,25.43767,3,2,16,2,0,2,food
9/11/2019,2019,WET,9,0.359027778,46,-80.32169,25.43742,3,0,22.9,1,2,3,food
9/11/2019,2019,WET,9,0.315972222,47,-80.31936,25.43708,3,2,13.5,0,4,4,food
9/12/2019,2019,WET,9,0.607638889,31,-80.33861,25.49321,3,0,21.6,0,0,0,no food
9/12/2019,2019,WET,9,0.576388889,32,-80.34027,25.4903,3,0,24.5,0,1,1,food
9/12/2019,2019,WET,9,0.547916667,33,-80.33999,25.4869,3,1,46.6,0,1,1,food
9/12/2019,2019,WET,9,0.525,34,-80.33969,25.48522,3,2,39.6,0,0,0,no food
9/12/2019,2019,WET,9,0.497222222,35,-80.34019,25.48054,3,0,38.5,0,0,0,no food
9/12/2019,2019,WET,9,0.472222222,36,-80.34028,25.47961,3,0,33,2,0,2,food
9/12/2019,2019,WET,9,0.448611111,37,-80.34021,25.47707,3,0,26,0,1,1,food
9/12/2019,2019,WET,9,0.382638889,38,-80.34012,25.46918,3,0,53,2,0,2,food
9/12/2019,2019,WET,9,0.33125,42,-80.33055,25.45043,3,0,12.1,0,0,0,no food
9/13/2019,2019,WET,9,0.546527778,24,-80.33527,25.51198,3,0,39.1,1,1,2,food
9/13/2019,2019,WET,9,0.505555556,25,-80.33555,25.50952,3,0,15.6,1,0,1,food
9/13/2019,2019,WET,9,0.479166667,26,-80.3336,25.50571,3,0,53.11111111,1,1,2,food
9/13/2019,2019,WET,9,0.429861111,27,-80.33261,25.5039,3,3,38.6,0,0,0,no food
9/13/2019,2019,WET,9,0.402083333,28,-80.33667,25.50515,3,1,35.2,0,0,0,no food
9/13/2019,2019,WET,9,0.380555556,29,-80.33772,25.50438,3,0,53.9,0,0,0,no food
9/13/2019,2019,WET,9,0.354861111,30,-80.33937,25.49727,3,0,51.5,1,6,7,food
9/16/2019,2019,WET,9,0.393055556,1,-80.28868,25.62911,3,0,29.7,1,1,2,food
9/16/2019,2019,WET,9,0.421527778,2,-80.2993,25.62385,3,0,24.5,0,0,0,no food
9/16/2019,2019,WET,9,0.463888889,3,-80.3015,25.61747,3,0,5.4,0,1,1,food
9/16/2019,2019,WET,9,0.4875,4,-80.30276,25.61587,3,0,14.1,0,0,0,no food
9/16/2019,2019,WET,9,0.511111111,5,-80.3062,25.61371,3,0,1.2,0,1,1,food
9/17/2019,2019,WET,9,0.618055556,15,-80.3124,25.54509,3,2,27.5,1,0,1,food
9/17/2019,2019,WET,9,0.595138889,16,-80.3128,25.54042,3,0,28.7,1,1,2,food
9/17/2019,2019,WET,9,0.570833333,17,-80.3133,25.53753,3,0,29,1,0,1,food
9/17/2019,2019,WET,9,0.533333333,18,-80.32884,25.53197,3,0,23.5,0,2,2,food
9/17/2019,2019,WET,9,0.510416667,19,-80.33121,25.52554,3,0,11.1,0,2,2,food
9/17/2019,2019,WET,9,0.4875,20,-80.33088,25.51839,3,0,18,0,1,1,food
9/17/2019,2019,WET,9,0.456944444,21,-80.33363,25.51652,3,0,10,0,0,0,no food
9/17/2019,2019,WET,9,0.430555556,22,-80.33404,25.51557,3,0,10.5,1,1,2,food
9/17/2019,2019,WET,9,0.40625,23,-80.33472,25.51438,3,0,13.5,0,2,2,food
9/18/2019,2019,WET,9,0.552083333,10,-80.3026,25.56941,3,0,45.6,0,6,6,food
9/18/2019,2019,WET,9,0.53125,11,-80.3034,25.56847,3,1,24.4,2,5,7,food
9/18/2019,2019,WET,9,0.479861111,12,-80.3076,25.56176,3,0,12,1,4,5,food
9/18/2019,2019,WET,9,0.459027778,13,-80.3075,25.55806,3,0,8.7,2,21,23,food
9/18/2019,2019,WET,9,0.416666667,14,-80.3101,25.5518,3,0,4.7,0,11,11,food
9/18/2019,2019,WET,9,0.650694444,6,-80.3074,25.6093,3,0,1.1,0,7,7,food
9/18/2019,2019,WET,9,0.631944444,7,-80.3079,25.59438,3,0,0.6,1,7,8,food
9/18/2019,2019,WET,9,0.59375,8,-80.305,25.57966,3,0,14.1,0,0,0,no food
9/18/2019,2019,WET,9,0.574305556,9,-80.3034,25.57395,3,0,36.2,4,12,16,food
3/10/2020,2020,DRY,3,0.600694444,38,-80.34002,25.4693,3,0,6.8,0,0,0,no food
3/10/2020,2020,DRY,3,0.577083333,39,-80.33757,25.46573,3,0,11.6,1,0,1,food
3/10/2020,2020,DRY,3,0.546527778,40,-80.33711,25.45866,3,2,31.6,1,2,3,food
3/10/2020,2020,DRY,3,0.526388889,41,-80.33608,25.45539,3,0,19.4,2,0,2,food
3/10/2020,2020,DRY,3,0.503472222,42,-80.33055,25.45043,3,0,7.5,0,1,1,food
3/10/2020,2020,DRY,3,0.481944444,43,-80.33102,25.44472,3,1,25.5,1,0,1,food
3/10/2020,2020,DRY,3,0.459722222,44,-80.33043,25.4431,3,1,25.6,0,1,1,food
3/10/2020,2020,DRY,3,0.4375,45,-80.3242,25.43779,3,0,8.6,1,0,1,food
3/10/2020,2020,DRY,3,0.419444444,46,-80.32169,25.43742,3,0,8.5,2,2,4,food
3/10/2020,2020,DRY,3,0.385416667,47,-80.31969,25.43687,3,0,34.5,2,0,2,food
3/11/2020,2020,DRY,3,0.609027778,29,-80.33778,25.50432,3,1,9.9,0,0,0,no food
3/11/2020,2020,DRY,3,0.577777778,30,-80.33928,25.49728,3,0,27,0,0,0,no food
3/11/2020,2020,DRY,3,0.554166667,31,-80.33861,25.49321,3,0,25,1,0,1,food
3/11/2020,2020,DRY,3,0.529166667,32,-80.34017,25.49033,3,0,17.5,2,1,3,food
3/11/2020,2020,DRY,3,0.502083333,33,-80.33994,25.48691,3,0,44.6,0,0,0,no food
3/11/2020,2020,DRY,3,0.484027778,34,-80.33961,25.48518,3,0,21.5,1,3,4,food
3/11/2020,2020,DRY,3,0.463888889,35,-80.34023,25.48021,3,0,21.5,1,1,2,food
3/11/2020,2020,DRY,3,0.448611111,36,-80.34019,25.47955,3,0,22,0,1,1,food
3/11/2020,2020,DRY,3,0.425,37,-80.3402,25.47703,3,0,25.1,0,0,0,no food
3/12/2020,2020,DRY,3,0.679166667,19,-80.33111,25.52547,3,0,16.5,0,1,1,food
3/12/2020,2020,DRY,3,0.657638889,20,-80.33095,25.51835,3,0,9.5,0,1,1,food
3/12/2020,2020,DRY,3,0.638194444,21,-80.33362,25.51644,3,0,15.5,0,0,0,no food
3/12/2020,2020,DRY,3,0.620833333,22,-80.33407,25.5155,3,0,16.5,1,0,1,food
3/12/2020,2020,DRY,3,0.601388889,23,-80.33471,25.51432,3,0,15.5,1,0,1,food
3/12/2020,2020,DRY,3,0.583333333,24,-80.3352,25.51195,3,0,12.5,0,1,1,food
3/12/2020,2020,DRY,3,0.565972222,25,-80.33553,25.5095,3,0,6.6,0,0,0,no food
3/12/2020,2020,DRY,3,0.510416667,26,-80.33358,25.50569,3,0,19,1,1,2,food
3/12/2020,2020,DRY,3,0.492361111,27,-80.3325,25.50405,3,0,50.8,0,0,0,no food
3/12/2020,2020,DRY,3,0.468055556,28,-80.33658,25.50511,3,1,18.5,0,0,0,no food
3/13/2020,2020,DRY,3,0.642361111,10,-80.30258,25.56936,3,0,37.5,0,0,0,no food
3/13/2020,2020,DRY,3,0.625694444,11,-80.3034,25.56838,3,0,38.4,2,0,2,food
3/13/2020,2020,DRY,3,0.584722222,12,-80.30749,25.56174,3,0,1.5,0,0,0,no food
3/13/2020,2020,DRY,3,0.566666667,13,-80.30743,25.55796,3,0,6.3,0,0,0,no food
3/13/2020,2020,DRY,3,0.531944444,14,-80.31013,25.55171,3,0,2.5,0,1,1,food
3/13/2020,2020,DRY,3,0.508333333,15,-80.3124,25.5451,3,0,25.1,0,0,0,no food
3/13/2020,2020,DRY,3,0.491666667,16,-80.31272,25.54039,3,0,38.2,0,0,0,no food
3/13/2020,2020,DRY,3,0.473611111,17,-80.31322,25.53765,3,0,39.5,0,0,0,no food
3/13/2020,2020,DRY,3,0.445833333,18,-80.32876,25.53183,3,0,26,1,0,1,food
3/13/2020,2020,DRY,3,0.663888889,9,-80.30327,25.57401,3,0,15.3,0,0,0,no food
3/19/2020,2020,DRY,3,0.361805556,1,-80.28867,25.62915,3,0,18.9,2,0,2,food
3/19/2020,2020,DRY,3,0.384027778,2,-80.29916,25.62394,3,0,28.6,0,0,0,no food
3/19/2020,2020,DRY,3,0.411805556,3,-80.30149,25.61737,3,0,18,0,1,1,food
3/19/2020,2020,DRY,3,0.425694444,4,-80.30283,25.61574,3,0,14.6,0,2,2,food
3/19/2020,2020,DRY,3,0.44375,5,-80.30607,25.61373,3,0,1.1,0,1,1,food
3/20/2020,2020,DRY,3,0.347222222,6,-80.3073,25.60929,3,0,5.7,1,0,1,food
3/20/2020,2020,DRY,3,0.379166667,7,-80.30788,25.59449,3,0,0.6,0,1,1,food
3/20/2020,2020,DRY,3,0.420138889,8,-80.30505,25.57984,3,0,5.5,0,0,0,no food
9/15/2020,2020,WET,9,0.520833333,12,-80.30753,25.56171,3,0,13.5,1,1,2,food
9/15/2020,2020,WET,9,0.504166667,13,-80.30745,25.55802,3,0,7,0,0,0,no food
9/15/2020,2020,WET,9,0.475,14,-80.31006,25.55187,3,0,12,1,0,1,food
9/15/2020,2020,WET,9,0.456944444,15,-80.31236,25.5451,3,0,50.7,0,0,0,no food
9/15/2020,2020,WET,9,0.441666667,16,-80.31276,25.54042,3,0,47.1,0,0,0,no food
9/15/2020,2020,WET,9,0.420833333,17,-80.31327,25.53751,3,0,45.2,2,0,2,food
9/15/2020,2020,WET,9,0.392361111,18,-80.32874,25.53197,3,1,21.1,0,6,6,food
9/15/2020,2020,WET,9,0.372222222,19,-80.33112,25.52557,3,0,19,0,3,3,food
9/15/2020,2020,WET,9,0.35,20,-80.33095,25.51837,3,0,28.5,1,1,2,food
9/15/2020,2020,WET,9,0.333333333,21,-80.33371,25.51654,3,0,26.5,0,3,3,food
9/15/2020,2020,WET,9,0.315972222,22,-80.33407,25.51557,3,1,34,1,0,1,food
9/16/2020,2020,WET,9,0.321527778,1,-80.28859,25.62923,3,0,36.8,0,0,0,no food
9/16/2020,2020,WET,9,0.352083333,2,-80.29919,25.62386,3,0,37.5,0,0,0,no food
9/16/2020,2020,WET,9,0.389583333,3,-80.30151,25.61753,3,0,12.2,2,3,5,food
9/16/2020,2020,WET,9,0.416666667,4,-80.30283,25.61584,3,0,53.6,0,0,0,no food
9/16/2020,2020,WET,9,0.442361111,5,-80.3061,25.61379,3,0,10.3,0,0,0,no food
9/16/2020,2020,WET,9,0.486111111,6,-80.3073,25.60926,3,0,0,0,0,0,no food
9/16/2020,2020,WET,9,0.513194444,7,-80.30786,25.59436,3,0,20.5,1,0,1,food
9/16/2020,2020,WET,9,0.552777778,8,-80.30496,25.57973,3,0,20.5,0,0,0,no food
9/17/2020,2020,WET,9,0.355555556,10,-80.30258,25.56942,3,0,43.1,1,0,1,food
9/17/2020,2020,WET,9,0.383333333,11,-80.30339,25.56844,3,1,43.2,1,1,2,food
9/17/2020,2020,WET,9,0.314583333,9,-80.3034,25.57395,3,0,69.7,1,2,3,food
9/2/2020,2020,WET,9,0.586111111,40,-80.33717,25.45868,3,1,27,0,1,1,food
9/2/2020,2020,WET,9,0.561805556,41,-80.33607,25.45536,3,1,19.8,4,0,4,food
9/2/2020,2020,WET,9,0.536111111,42,-80.33059,25.45046,3,0,5,0,0,0,no food
9/2/2020,2020,WET,9,0.513888889,43,-80.331,25.4447,3,1,45.5,2,1,3,food
9/2/2020,2020,WET,9,0.486111111,44,-80.33047,25.44314,3,1,59.5,2,0,2,food
9/2/2020,2020,WET,9,0.45625,45,-80.32417,25.43773,3,0,32,1,0,1,food
9/2/2020,2020,WET,9,0.425,46,-80.32185,25.43743,3,0,12,1,1,2,food
9/2/2020,2020,WET,9,0.382638889,47,-80.31936,25.43706,3,0,22.1,3,1,4,food
9/3/2020,2020,WET,9,0.538888889,34,-80.33967,25.48527,3,0,43.6,0,0,0,no food
9/3/2020,2020,WET,9,0.513888889,35,-80.34026,25.48024,3,0,46.5,0,0,0,no food
9/3/2020,2020,WET,9,0.492361111,36,-80.34028,25.47964,3,0,36,0,0,0,no food
9/3/2020,2020,WET,9,0.470833333,37,-80.34022,25.47698,3,0,48.1,1,1,2,food
9/3/2020,2020,WET,9,0.429166667,38,-80.34003,25.46921,3,0,26,0,2,2,food
9/3/2020,2020,WET,9,0.404861111,39,-80.33752,25.46574,3,0,22.5,0,0,0,no food
9/4/2020,2020,WET,9,0.630555556,23,-80.33473,25.5144,3,0,38,1,0,1,food
9/4/2020,2020,WET,9,0.611111111,24,-80.33522,25.51197,3,0,21,0,3,3,food
9/4/2020,2020,WET,9,0.59375,25,-80.33565,25.50963,3,0,25.5,0,1,1,food
9/4/2020,2020,WET,9,0.575694444,26,-80.33362,25.50578,3,0,53.2,0,0,0,no food
9/4/2020,2020,WET,9,0.559722222,27,-80.33259,25.50401,3,2,49,0,0,0,no food
9/4/2020,2020,WET,9,0.534027778,28,-80.33659,25.50507,3,0,41.6,0,0,0,no food
9/4/2020,2020,WET,9,0.515972222,29,-80.33768,25.50438,3,0,34.3,0,1,1,food
9/4/2020,2020,WET,9,0.495138889,30,-80.33935,25.49732,3,5,51.6,0,2,2,food
9/4/2020,2020,WET,9,0.470833333,31,-80.33802,25.49318,3,0,32.5,0,0,0,no food
9/4/2020,2020,WET,9,0.451388889,32,-80.34024,25.49035,3,0,43,1,0,1,food
9/4/2020,2020,WET,9,0.425694444,33,-80.33994,25.48694,3,0,51.7,0,0,0,no food
9/18/2021,2021,WET,9,0.340972222,18,-80.32858,25.53196,3,0,21.8,0,0,0,no food
9/18/2021,2021,WET,9,0.3625,19,-80.33105,25.52563,3,0,28.8,0,0,0,no food
9/18/2021,2021,WET,9,0.386111111,20,-80.33086,25.51844,3,0,31,0,1,1,food
9/18/2021,2021,WET,9,0.404166667,21,-80.33354,25.5165,3,0,17,0,10,10,food
9/18/2021,2021,WET,9,0.424305556,22,-80.33394,25.51555,3,0,31.5,1,5,6,food
9/18/2021,2021,WET,9,0.442361111,23,-80.33468,25.5143,3,0,22,0,4,4,food
9/18/2021,2021,WET,9,0.459027778,24,-80.33512,25.51204,3,0,11.5,0,0,0,no food
9/18/2021,2021,WET,9,0.481944444,25,-80.33553,25.50945,3,0,5.1,0,0,0,no food
9/18/2021,2021,WET,9,0.522916667,26,-80.3335,25.50567,3,0,58,1,9,10,food
9/19/2021,2021,WET,9,0.355555556,27,-80.33266,25.5039,3,4,26.6,3,3,6,food
9/19/2021,2021,WET,9,0.378472222,28,-80.33651,25.50506,3,0,43.3,0,1,1,food
9/19/2021,2021,WET,9,0.394444444,29,-80.33766,25.50433,3,4,38,0,0,0,no food
9/19/2021,2021,WET,9,0.418055556,30,-80.33919,25.49738,3,1,28.7,0,0,0,no food
9/19/2021,2021,WET,9,0.4375,31,-80.33856,25.49314,3,0,33.5,0,0,0,no food
9/19/2021,2021,WET,9,0.458333333,32,-80.34025,25.49038,3,0,23.5,0,1,1,food
9/19/2021,2021,WET,9,0.480555556,33,-80.33991,25.48689,3,0,3.6,0,1,1,food
9/19/2021,2021,WET,9,0.500694444,34,-80.33961,25.48526,3,0,5.9,0,0,0,no food
9/19/2021,2021,WET,9,0.522222222,35,-80.3401,25.48029,3,0,0.8,0,2,2,food
9/19/2021,2021,WET,9,0.540277778,36,-80.34019,25.47967,3,0,1.2,0,0,0,no food
9/19/2021,2021,WET,9,0.558333333,37,-80.34019,25.47699,3,0,3.7,0,13,13,food
9/20/2021,2021,WET,9,0.419444444,38,-80.34003,25.46928,3,0,22.2,0,3,3,food
9/20/2021,2021,WET,9,0.438888889,39,-80.33747,25.46568,3,0,31.1,0,2,2,food
9/20/2021,2021,WET,9,0.465277778,40,-80.33708,25.45874,3,0,24.1,1,2,3,food
9/20/2021,2021,WET,9,0.484027778,41,-80.3361,25.45528,3,0,27.2,1,0,1,food
9/20/2021,2021,WET,9,0.503472222,42,-80.33057,25.4505,3,0,3.2,0,0,0,no food
9/20/2021,2021,WET,9,0.524305556,43,-80.33095,25.44465,3,0,18.5,0,1,1,food
9/20/2021,2021,WET,9,0.541666667,44,-80.33039,25.44321,3,1,25.2,3,1,4,food
9/20/2021,2021,WET,9,0.561805556,45,-80.32407,25.43768,3,0,14.8,0,0,0,no food
9/20/2021,2021,WET,9,0.575694444,46,-80.32163,25.43752,3,0,10,1,0,1,food
9/20/2021,2021,WET,9,0.597222222,47,-80.31928,25.43709,3,0,57.5,0,0,0,no food
9/22/2021,2021,WET,9,0.5125,10,-80.30254,25.56945,3,1,58,1,1,2,food
9/22/2021,2021,WET,9,0.497916667,11,-80.30342,25.56838,3,0,27,2,2,4,food
9/22/2021,2021,WET,9,0.458333333,12,-80.30757,25.56168,3,0,21.5,0,0,0,no food
9/22/2021,2021,WET,9,0.441666667,13,-80.3075,25.55804,3,0,12.3,1,0,1,food
9/22/2021,2021,WET,9,0.404861111,14,-80.31003,25.55175,3,0,8,1,0,1,food
9/22/2021,2021,WET,9,0.379861111,15,-80.3124,25.5451,3,1,13.8,0,0,0,no food
9/22/2021,2021,WET,9,0.363194444,16,-80.31273,25.54049,3,0,47,1,3,4,food
9/22/2021,2021,WET,9,0.341666667,17,-80.31326,25.53758,3,0,25,0,0,0,no food
9/22/2021,2021,WET,9,0.554166667,8,-80.30486,25.57966,3,0,21.1,0,1,1,food
9/22/2021,2021,WET,9,0.534027778,9,-80.3034,25.57398,3,0,23.7,1,0,1,food
9/23/2021,2021,WET,9,0.3875,1,-80.28866,25.62918,3,0,30.1,1,1,2,food
9/23/2021,2021,WET,9,0.416666667,2,-80.29915,25.62384,3,0,15.2,0,2,2,food
9/23/2021,2021,WET,9,0.445833333,3,-80.30141,25.61756,3,0,29.1,0,3,3,food
9/23/2021,2021,WET,9,0.466666667,4,-80.30277,25.61568,3,0,27.2,1,2,3,food
9/23/2021,2021,WET,9,0.486805556,5,-80.30607,25.61369,3,0,1.8,0,0,0,no food
9/23/2021,2021,WET,9,0.534722222,6,-80.30725,25.60918,3,0,0,0,1,1,food
9/23/2021,2021,WET,9,0.565277778,7,-80.30774,25.594,3,0,38.6,0,2,2,food
2/28/2022,2022,DRY,2,0.526388889,39,-80.33759,25.46581,3,0,2.3,0,0,0,no food
2/28/2022,2022,DRY,2,0.319444444,40,-80.3371,25.45869,3,0,32.7,0,1,1,food
2/28/2022,2022,DRY,2,0.347916667,41,-80.33597,25.45535,3,2,28.2,0,0,0,no food
2/28/2022,2022,DRY,2,0.370138889,42,-80.33017,25.45034,3,0,2.6,0,0,0,no food
2/28/2022,2022,DRY,2,0.398611111,43,-80.33088,25.44475,3,1,43,2,0,2,food
2/28/2022,2022,DRY,2,0.420833333,44,-80.33041,25.44311,3,1,23.5,0,1,1,food
2/28/2022,2022,DRY,2,0.453472222,45,-80.32413,25.43777,3,0,11.5,0,0,0,no food
2/28/2022,2022,DRY,2,0.470833333,46,-80.3219,25.43749,3,0,8.5,0,1,1,food
2/28/2022,2022,DRY,2,0.495138889,47,-80.3194,25.43702,3,0,41.5,0,0,0,no food
3/17/2022,2022,DRY,3,0.341666667,1,-80.28862,25.62914,3,0,9.4,0,2,2,food
3/17/2022,2022,DRY,3,0.371527778,2,-80.29918,25.62376,3,0,10.3,0,0,0,no food
3/17/2022,2022,DRY,3,0.399305556,3,-80.30145,25.61745,3,0,28,0,1,1,food
3/17/2022,2022,DRY,3,0.420138889,4,-80.3029,25.61595,3,0,33,0,2,2,food
3/17/2022,2022,DRY,3,0.449305556,5,-80.30605,25.61366,3,0,10.6,0,0,0,no food
3/17/2022,2022,DRY,3,0.495138889,6,-80.30726,25.60919,3,0,25.6,0,0,0,no food
3/17/2022,2022,DRY,3,0.520138889,7,-80.30765,25.59428,3,0,30.5,0,1,1,food
3/18/2022,2022,DRY,3,0.405555556,10,-80.30267,25.56922,3,0,20,0,2,2,food
3/18/2022,2022,DRY,3,0.383333333,11,-80.30334,25.56835,3,0,34.5,0,3,3,food
3/18/2022,2022,DRY,3,0.558333333,12,-80.30749,25.56173,3,0,17,1,0,1,food
3/18/2022,2022,DRY,3,0.545833333,14,-80.31008,25.55185,3,0,22,0,0,0,no food
3/18/2022,2022,DRY,3,0.576388889,15,-80.31229,25.54504,3,0,20,0,0,0,no food
3/18/2022,2022,DRY,3,0.603472222,16,-80.31276,25.54041,3,0,37.5,1,0,1,food
3/18/2022,2022,DRY,3,0.628472222,17,-80.31326,25.53747,3,0,48.1,0,0,0,no food
3/18/2022,2022,DRY,3,0.454166667,8,-80.30494,25.57962,3,0,7.1,0,0,0,no food
3/18/2022,2022,DRY,3,0.427777778,9,-80.30341,25.57387,3,0,45.1,1,1,2,food
3/2/2022,2022,DRY,3,0.319444444,18,-80.32877,25.53169,3,0,10.5,0,2,2,food
3/2/2022,2022,DRY,3,0.347222222,19,-80.33101,25.52542,3,0,12.5,1,3,4,food
3/2/2022,2022,DRY,3,0.375,20,-80.33086,25.51831,3,0,5,0,2,2,food
3/2/2022,2022,DRY,3,0.396527778,21,-80.3335,25.51651,3,0,5,0,4,4,food
3/2/2022,2022,DRY,3,0.414583333,22,-80.33402,25.51552,3,0,5,0,3,3,food
3/2/2022,2022,DRY,3,0.434027778,23,-80.33462,25.51439,3,0,6.5,0,1,1,food
3/2/2022,2022,DRY,3,0.452777778,24,-80.3351,25.51201,3,0,7.3,0,0,0,no food
3/2/2022,2022,DRY,3,0.470833333,25,-80.33542,25.50951,3,0,5.6,0,1,1,food
3/2/2022,2022,DRY,3,0.497916667,26,-80.3335,25.50563,3,0,18.1,0,3,3,food
3/2/2022,2022,DRY,3,0.522222222,27,-80.3325,25.50404,3,0,30.5,0,2,2,food
3/2/2022,2022,DRY,3,0.544444444,28,-80.33649,25.50512,3,0,10.1,0,2,2,food
3/3/2022,2022,DRY,3,0.336111111,29,-80.33767,25.50438,3,2,28.9,0,1,1,food
3/3/2022,2022,DRY,3,0.366666667,30,-80.33928,25.4973,3,0,15.3,0,5,5,food
3/3/2022,2022,DRY,3,0.386805556,31,-80.33862,25.49316,3,0,7.1,0,2,2,food
3/3/2022,2022,DRY,3,0.407638889,32,-80.34033,25.49035,3,0,2.8,0,0,0,no food
3/3/2022,2022,DRY,3,0.431944444,33,-80.33995,25.48692,3,0,6.9,0,2,2,food
3/3/2022,2022,DRY,3,0.454861111,34,-80.33969,25.48517,3,0,6.6,0,3,3,food
3/3/2022,2022,DRY,3,0.485416667,35,-80.34018,25.48019,3,0,8,0,0,0,no food
3/3/2022,2022,DRY,3,0.505555556,36,-80.34021,25.47962,3,0,5.4,0,2,2,food
3/3/2022,2022,DRY,3,0.525694444,37,-80.3402,25.47704,3,0,3.9,0,0,0,no food
3/3/2022,2022,DRY,3,0.571527778,38,-80.34,25.46928,3,0,2.1,0,2,2,food
9/12/2022,2022,WET,9,0.339583333,1,-80.28863,25.62925,3,0,54,1,0,1,food
9/12/2022,2022,WET,9,0.610416667,10,-80.30258,25.56929,3,0,37.6,0,0,0,no food
9/12/2022,2022,WET,9,0.627083333,11,-80.30333,25.56845,3,0,58.6,0,0,0,no food
9/12/2022,2022,WET,9,0.369444444,2,-80.29917,25.6238,3,0,0,0,0,0,no food
9/12/2022,2022,WET,9,0.397916667,3,-80.30141,25.61748,3,0,22,0,0,0,no food
9/12/2022,2022,WET,9,0.418055556,4,-80.30304,25.61592,3,0,36.9,0,0,0,no food
9/12/2022,2022,WET,9,0.493055556,6,-80.3073,25.60927,3,0,9.8,0,0,0,no food
9/12/2022,2022,WET,9,0.525,7,-80.30782,25.59441,3,0,13.7,0,0,0,no food
9/12/2022,2022,WET,9,0.566666667,8,-80.305,25.57974,3,0,7.5,0,0,0,no food
9/12/2022,2022,WET,9,0.589583333,9,-80.30337,25.57388,3,0,8.4,0,0,0,no food
9/7/2022,2022,WET,9,0.323611111,40,-80.33705,25.45877,3,1,18,1,0,1,food
9/7/2022,2022,WET,9,0.361805556,41,-80.33614,25.45538,3,0,22.1,1,0,1,food
9/7/2022,2022,WET,9,0.390277778,42,-80.33049,25.45062,3,0,5.3,0,0,0,no food
9/7/2022,2022,WET,9,0.420138889,43,-80.33085,25.44468,3,1,32.6,2,0,2,food
9/7/2022,2022,WET,9,0.441666667,44,-80.33049,25.44322,3,0,26.5,1,1,2,food
9/7/2022,2022,WET,9,0.479861111,45,-80.32407,25.4378,3,0,19.1,0,0,0,no food
9/7/2022,2022,WET,9,0.50625,46,-80.32178,25.4376,3,0,16.6,1,1,2,food
9/7/2022,2022,WET,9,0.531944444,47,-80.31922,25.4371,3,0,73,0,0,0,no food
9/8/2022,2022,WET,9,0.326388889,29,-80.33794,25.50434,3,1,24.7,0,0,0,no food
9/8/2022,2022,WET,9,0.355555556,30,-80.33929,25.49732,3,0,24.8,0,0,0,no food
9/8/2022,2022,WET,9,0.385416667,31,-80.33857,25.49312,3,0,16.6,1,0,1,food
9/8/2022,2022,WET,9,0.411805556,32,-80.34023,25.49039,3,0,24.5,0,0,0,no food
9/8/2022,2022,WET,9,0.440277778,33,-80.33994,25.48701,3,0,10.9,1,4,5,food
9/8/2022,2022,WET,9,0.461805556,34,-80.33961,25.48535,3,0,11.6,0,0,0,no food
9/8/2022,2022,WET,9,0.495138889,35,-80.34008,25.48034,3,0,18.1,1,0,1,food
9/8/2022,2022,WET,9,0.513888889,36,-80.3402,25.47951,3,0,23.2,2,0,2,food
9/8/2022,2022,WET,9,0.533333333,37,-80.34018,25.47705,3,0,16.3,0,0,0,no food
9/9/2022,2022,WET,9,0.408333333,21,-80.33358,25.51652,3,0,19,0,0,0,no food
9/9/2022,2022,WET,9,0.434027778,22,-80.33402,25.51562,3,0,16.1,2,0,2,food
9/9/2022,2022,WET,9,0.459722222,23,-80.3347,25.51445,3,0,16,2,0,2,food
9/9/2022,2022,WET,9,0.482638889,24,-80.33517,25.51203,3,0,14,0,0,0,no food
9/9/2022,2022,WET,9,0.516666667,25,-80.33548,25.50954,3,0,2,0,1,1,food
9/9/2022,2022,WET,9,0.541666667,26,-80.33345,25.5056,3,0,23.6,1,0,1,food
9/9/2022,2022,WET,9,0.563194444,27,-80.33247,25.50408,3,1,35.5,0,1,1,food
9/9/2022,2022,WET,9,0.586111111,28,-80.33652,25.50509,3,0,15.5,0,0,0,no food
9/9/2022,2022,WET,9,0.349305556,38,-80.34003,25.46913,3,0,10.1,0,0,0,no food
9/9/2022,2022,WET,9,0.318055556,39,-80.33752,25.46573,3,0,12,2,0,2,food
3/10/2023,2023,DRY,3,0.370833333,10,-80.3025,25.5694,3,0,29.7,1,0,1,food
3/10/2023,2023,DRY,3,0.388888889,11,-80.30332,25.56838,3,0,29.7,0,0,0,no food
3/10/2023,2023,DRY,3,0.429861111,12,-80.3075,25.56146,3,0,13.7,0,0,0,no food
3/10/2023,2023,DRY,3,0.45,13,-80.3075,25.55808,3,0,14.6,0,0,0,no food
3/10/2023,2023,DRY,3,0.345138889,9,-80.30334,25.57394,3,0,20.4,2,0,2,food
3/6/2023,2023,DRY,3,0.527083333,38,-80.34007,25.46926,3,0,12.5,1,0,1,food
3/6/2023,2023,DRY,3,0.546527778,39,-80.33762,25.46578,3,0,11.5,2,0,2,food
3/6/2023,2023,DRY,3,0.316666667,40,-80.33708,25.45878,3,4,30,10,1,11,food
3/6/2023,2023,DRY,3,0.341666667,41,-80.33606,25.45542,3,3,22.6,0,0,0,no food
3/6/2023,2023,DRY,3,0.364583333,42,-80.33051,25.45045,3,0,4.7,0,0,0,no food
3/6/2023,2023,DRY,3,0.3875,43,-80.33091,25.44474,3,2,40,1,1,2,food
3/6/2023,2023,DRY,3,0.40625,44,-80.3305,25.44318,3,3,17.1,0,1,1,food
3/6/2023,2023,DRY,3,0.426388889,45,-80.32422,25.43769,3,0,17.5,0,0,0,no food
3/6/2023,2023,DRY,3,0.444444444,46,-80.32183,25.43755,3,0,16.7,0,0,0,no food
3/6/2023,2023,DRY,3,0.466666667,47,-80.31943,25.43715,3,1,16.5,2,0,2,food
3/7/2023,2023,DRY,3,0.342361111,18,-80.32876,25.53196,3,0,13,0,0,0,no food
3/7/2023,2023,DRY,3,0.363194444,19,-80.33107,25.52556,3,0,41,0,1,1,food
3/7/2023,2023,DRY,3,0.382638889,20,-80.33082,25.5183,3,0,12,0,0,0,no food
3/7/2023,2023,DRY,3,0.401388889,21,-80.33349,25.51659,3,0,21.5,0,0,0,no food
3/7/2023,2023,DRY,3,0.418055556,22,-80.334,25.5155,3,0,22.1,0,0,0,no food
3/7/2023,2023,DRY,3,0.444444444,23,-80.33463,25.51442,3,0,21.5,0,0,0,no food
3/7/2023,2023,DRY,3,0.461805556,24,-80.33514,25.51198,3,0,9.7,1,0,1,food
3/7/2023,2023,DRY,3,0.477777778,25,-80.33552,25.50957,3,0,15.1,0,2,2,food
3/7/2023,2023,DRY,3,0.498611111,26,-80.33362,25.50577,3,0,19.6,0,0,0,no food
3/7/2023,2023,DRY,3,0.513888889,27,-80.33249,25.50408,3,1,30,0,0,0,no food
3/7/2023,2023,DRY,3,0.534027778,28,-80.33651,25.50512,3,0,16.3,1,0,1,food
3/7/2023,2023,DRY,3,0.552777778,29,-80.33769,25.50434,3,1,8.7,0,1,1,food
3/7/2023,2023,DRY,3,0.573611111,30,-80.33934,25.49742,3,1,28.5,2,0,2,food
3/8/2023,2023,DRY,3,0.361805556,14,-80.30997,25.55166,3,0,32.2,0,0,0,no food
3/8/2023,2023,DRY,3,0.386111111,15,-80.31237,25.5451,3,0,59.5,1,0,1,food
3/8/2023,2023,DRY,3,0.404166667,16,-80.31268,25.54044,3,0,18.3,1,0,1,food
3/8/2023,2023,DRY,3,0.420138889,17,-80.31326,25.53755,3,0,16.5,0,0,0,no food
3/8/2023,2023,DRY,3,0.448611111,31,-80.33853,25.49317,3,0,20.6,1,0,1,food
3/8/2023,2023,DRY,3,0.470138889,32,-80.34015,25.49036,3,0,13.5,1,0,1,food
3/8/2023,2023,DRY,3,0.491666667,33,-80.33989,25.48697,3,0,15.6,7,0,7,food
3/8/2023,2023,DRY,3,0.510416667,34,-80.33962,25.48527,3,0,10.6,0,0,0,no food
3/8/2023,2023,DRY,3,0.529166667,35,-80.34024,25.48021,3,0,9,2,1,3,food
3/8/2023,2023,DRY,3,0.545138889,36,-80.34028,25.47967,3,0,21.5,4,1,5,food
3/8/2023,2023,DRY,3,0.561111111,37,-80.34029,25.47697,3,0,17.6,1,0,1,food
3/9/2023,2023,DRY,3,0.323611111,1,-80.28879,25.62915,3,0,32,1,1,2,food
3/9/2023,2023,DRY,3,0.351388889,2,-80.29916,25.62396,3,0,22,0,0,0,no food
3/9/2023,2023,DRY,3,0.3875,3,-80.30141,25.61745,3,0,49,2,0,2,food
3/9/2023,2023,DRY,3,0.56875,4,-80.30307,25.61592,3,0,43.3,1,1,2,food
3/9/2023,2023,DRY,3,0.41875,5,-80.30607,25.61361,3,0,15.6,2,0,2,food
3/9/2023,2023,DRY,3,0.469444444,6,-80.30725,25.60925,3,0,57.5,0,1,1,food
3/9/2023,2023,DRY,3,0.497916667,7,-80.30777,25.59438,3,0,4.5,0,0,0,no food
3/9/2023,2023,DRY,3,0.543055556,8,-80.30507,25.57973,3,0,11.1,0,0,0,no food
9/13/2023,2023,WET,9,0.359027778,38,-80.34006,25.46922,3,0,13.7,2,0,2,food
9/13/2023,2023,WET,9,0.377083333,39,-80.33761,25.46574,3,0,18.3,0,0,0,no food
9/13/2023,2023,WET,9,0.403472222,40,-80.33717,25.4587,3,0,38.1,0,2,2,food
9/13/2023,2023,WET,9,0.424305556,41,-80.33614,25.45533,3,0,33.3,1,2,3,food
9/13/2023,2023,WET,9,0.445833333,42,-80.33067,25.45029,3,0,7.6,0,0,0,no food
9/13/2023,2023,WET,9,0.467361111,43,-80.33099,25.44468,3,0,60,1,2,3,food
9/13/2023,2023,WET,9,0.486111111,44,-80.33038,25.44307,3,0,58,1,0,1,food
9/13/2023,2023,WET,9,0.511111111,45,-80.3242,25.43767,3,0,13,0,0,0,no food
9/13/2023,2023,WET,9,0.530555556,46,-80.32164,25.4375,3,0,38.5,0,1,1,food
9/13/2023,2023,WET,9,0.547916667,47,-80.3194,25.43706,3,0,19,2,1,3,food
9/14/2023,2023,WET,9,0.340972222,18,-80.32863,25.5319,3,0,33,0,0,0,no food
9/14/2023,2023,WET,9,0.361805556,19,-80.33113,25.52555,3,0,19.5,0,1,1,food
9/14/2023,2023,WET,9,0.383333333,20,-80.33096,25.51841,3,0,12.5,0,2,2,food
9/14/2023,2023,WET,9,0.401388889,21,-80.33365,25.51657,3,0,13.7,0,2,2,food
9/14/2023,2023,WET,9,0.418055556,22,-80.33406,25.51561,3,0,22.6,0,0,0,no food
9/14/2023,2023,WET,9,0.436805556,23,-80.33472,25.51439,3,0,14.1,0,0,0,no food
9/14/2023,2023,WET,9,0.459722222,24,-80.33524,25.51196,3,0,19.98888889,0,1,1,food
9/14/2023,2023,WET,9,0.482638889,25,-80.33556,25.50958,3,0,2.6,0,0,0,no food
9/14/2023,2023,WET,9,0.504861111,26,-80.3336,25.50575,3,0,24.7,0,0,0,no food
9/14/2023,2023,WET,9,0.524305556,27,-80.33258,25.50401,3,0,39.3,0,2,2,food
9/14/2023,2023,WET,9,0.546527778,28,-80.33663,25.50507,3,0,15.5,0,0,0,no food
9/14/2023,2023,WET,9,0.563194444,29,-80.33772,25.50438,3,1,28.9,0,0,0,no food
9/15/2023,2023,WET,9,0.363888889,15,-80.31244,25.54507,3,0,23,0,1,1,food
9/15/2023,2023,WET,9,0.439583333,30,-80.33928,25.49732,3,1,30.8,0,0,0,no food
9/15/2023,2023,WET,9,0.396527778,31,-80.33851,25.49315,3,0,9.8,0,4,4,food
9/15/2023,2023,WET,9,0.416666667,32,-80.34021,25.49035,3,0,9.6,0,1,1,food
9/15/2023,2023,WET,9,0.465277778,33,-80.33989,25.48704,3,0,12.2,1,0,1,food
9/15/2023,2023,WET,9,0.490277778,34,-80.33968,25.48518,3,0,15.7,1,0,1,food
9/15/2023,2023,WET,9,0.5125,35,-80.34027,25.48023,3,0,6.2,0,0,0,no food
9/15/2023,2023,WET,9,0.541666667,36,-80.3402,25.47957,3,0,6.6,0,1,1,food
9/15/2023,2023,WET,9,0.559027778,37,-80.34031,25.47699,3,1,13.9,1,1,2,food
9/18/2023,2023,WET,9,0.3625,1,-80.28866,25.6292,3,0,50.6,2,0,2,food
9/18/2023,2023,WET,9,0.59375,10,-80.30251,25.56946,3,0,67.1,0,2,2,food
9/18/2023,2023,WET,9,0.609027778,11,-80.30332,25.56841,3,0,87.5,3,4,7,food
9/18/2023,2023,WET,9,0.390972222,2,-80.29912,25.62386,3,0,43.2,0,2,2,food
9/18/2023,2023,WET,9,0.424305556,3,-80.3014,25.61746,3,0,64,1,1,2,food
9/18/2023,2023,WET,9,0.447222222,5,-80.30603,25.61367,3,0,39,1,4,5,food
9/18/2023,2023,WET,9,0.482638889,6,-80.30721,25.60931,3,0,30.6,0,3,3,food
9/18/2023,2023,WET,9,0.509027778,7,-80.30784,25.59443,3,0,0.9,0,0,0,no food
9/18/2023,2023,WET,9,0.553472222,8,-80.30491,25.5798,3,0,47.6,2,0,2,food
9/18/2023,2023,WET,9,0.575,9,-80.30346,25.57409,3,0,60.1,0,3,3,food
9/19/2023,2023,WET,9,0.470138889,12,-80.30758,25.56168,3,0,23.5,0,0,0,no food
9/19/2023,2023,WET,9,0.490972222,13,-80.30749,25.55795,3,0,15.8,0,0,0,no food
9/19/2023,2023,WET,9,0.536111111,14,-80.3101,25.55172,3,0,16.2,0,0,0,no food
9/19/2023,2023,WET,9,0.558333333,16,-80.3128,25.5403,3,0,34.5,0,0,0,no food
9/19/2023,2023,WET,9,0.577777778,17,-80.31332,25.53748,3,0,29.2,0,0,0,no food
9/19/2023,2023,WET,9,0.411805556,4,-80.30299,25.61591,3,0,49.1,0,2,2,food
3/11/2024,2024,DRY,3,0.385416667,27,-80.3325,25.50372,3,0,27,1,4,5,food
3/11/2024,2024,DRY,3,0.411111111,28,-80.33654,25.50514,3,0,39.2,1,1,2,food
3/11/2024,2024,DRY,3,0.427777778,29,-80.33771,25.50438,3,0,50.1,2,0,2,food
3/11/2024,2024,DRY,3,0.449305556,30,-80.33931,25.49735,3,2,53.3,3,1,4,food
3/11/2024,2024,DRY,3,0.46875,31,-80.33855,25.49329,3,0,23,1,1,2,food
3/11/2024,2024,DRY,3,0.489583333,32,-80.34022,25.49034,3,0,18,0,0,0,no food
3/11/2024,2024,DRY,3,0.521527778,33,-80.33989,25.48686,3,0,38,4,1,5,food
3/11/2024,2024,DRY,3,0.540972222,34,-80.33965,25.48526,3,0,39.6,1,0,1,food
3/11/2024,2024,DRY,3,0.561111111,35,-80.34025,25.48019,3,0,19.5,0,2,2,food
3/11/2024,2024,DRY,3,0.577777778,36,-80.3402,25.47951,3,2,28.5,0,0,0,no food
3/11/2024,2024,DRY,3,0.593055556,37,-80.34023,25.47694,3,0,24.7,0,2,2,food
3/11/2024,2024,DRY,3,0.63125,38,-80.34012,25.46929,3,0,22.5,1,0,1,food
3/11/2024,2024,DRY,3,0.647916667,39,-80.33755,25.46571,3,0,11.6,1,0,1,food
3/12/2024,2024,DRY,3,0.363888889,1,-80.28866,25.62914,3,1,34,2,0,2,food
3/12/2024,2024,DRY,3,0.396527778,2,-80.29919,25.62386,3,0,27.5,2,1,3,food
3/12/2024,2024,DRY,3,0.422916667,3,-80.30148,25.61746,3,0,30.5,2,0,2,food
3/12/2024,2024,DRY,3,0.613888889,4,-80.30298,25.61592,3,0,23.7,0,1,1,food
3/12/2024,2024,DRY,3,0.445138889,5,-80.30605,25.6136,3,0,47,0,0,0,no food
3/12/2024,2024,DRY,3,0.491666667,6,-80.30735,25.60921,3,0,52,0,0,0,no food
3/12/2024,2024,DRY,3,0.516666667,7,-80.30782,25.59438,3,0,25.6,2,0,2,food
3/12/2024,2024,DRY,3,0.5625,8,-80.30505,25.57981,3,0,18.7,0,0,0,no food
3/12/2024,2024,DRY,3,0.585416667,9,-80.30343,25.57409,3,0,35.7,0,1,1,food
3/13/2024,2024,DRY,3,0.403472222,10,-80.30251,25.56947,3,0,28,0,0,0,no food
3/13/2024,2024,DRY,3,0.425,11,-80.30328,25.56846,3,0,44.6,0,0,0,no food
3/13/2024,2024,DRY,3,0.465972222,12,-80.30753,25.56164,3,0,36.5,1,0,1,food
3/13/2024,2024,DRY,3,0.484027778,13,-80.30753,25.55797,3,0,36.5,0,0,0,no food
3/13/2024,2024,DRY,3,0.51875,14,-80.31007,25.55162,3,0,57,0,0,0,no food
3/13/2024,2024,DRY,3,0.543055556,15,-80.31241,25.54511,3,0,29.3,0,0,0,no food
3/13/2024,2024,DRY,3,0.560416667,16,-80.31276,25.54046,3,0,31,0,0,0,no food
3/13/2024,2024,DRY,3,0.581944444,17,-80.31329,25.5374,3,0,81,0,0,0,no food
3/7/2024,2024,DRY,3,0.306944444,40,-80.3372,25.45863,3,0,8.5,1,3,4,food
3/7/2024,2024,DRY,3,0.331944444,41,-80.33608,25.45529,3,0,21,1,2,3,food
3/7/2024,2024,DRY,3,0.354166667,42,-80.33055,25.4505,3,0,6.2,0,0,0,no food
3/7/2024,2024,DRY,3,0.375694444,43,-80.331,25.44468,3,2,44,1,1,2,food
3/7/2024,2024,DRY,3,0.396527778,44,-80.33044,25.44322,3,2,23.3,6,0,6,food
3/7/2024,2024,DRY,3,0.420833333,45,-80.32418,25.43768,3,0,13,0,0,0,no food
3/7/2024,2024,DRY,3,0.445833333,46,-80.32182,25.4375,3,0,12.6,0,0,0,no food
3/7/2024,2024,DRY,3,0.46875,47,-80.31935,25.43701,3,0,22.8,3,1,4,food
3/8/2024,2024,DRY,3,0.324305556,18,-80.32877,25.53176,3,0,7.1,0,0,0,no food
3/8/2024,2024,DRY,3,0.352083333,19,-80.33105,25.52553,3,0,15.5,0,0,0,no food
3/8/2024,2024,DRY,3,0.375694444,20,-80.33094,25.51835,3,0,14,0,0,0,no food
3/8/2024,2024,DRY,3,0.396527778,21,-80.33369,25.51646,3,0,21.5,0,0,0,no food
3/8/2024,2024,DRY,3,0.416666667,22,-80.33402,25.51554,3,0,22.7,0,0,0,no food
3/8/2024,2024,DRY,3,0.436111111,23,-80.3347,25.51446,3,0,34.1,1,0,1,food
3/8/2024,2024,DRY,3,0.454166667,24,-80.3352,25.512,3,0,27,1,0,1,food
3/8/2024,2024,DRY,3,0.484722222,25,-80.33553,25.50947,3,0,21.2,0,0,0,no food
3/8/2024,2024,DRY,3,0.511111111,26,-80.33357,25.5058,3,0,46.5,1,0,1,food
9/3/2024,2024,WET,9,0.5,37,-80.34029,25.47699,3,0,44,0,0,0,no food
9/3/2024,2024,WET,9,0.543055556,38,-80.34012,25.46918,3,0,31,0,2,2,food
9/3/2024,2024,WET,9,0.563194444,39,-80.33755,25.46574,3,0,14.5,0,0,0,no food
9/3/2024,2024,WET,9,0.316666667,40,-80.33709,25.45874,3,1,36.5,0,0,0,no food
9/3/2024,2024,WET,9,0.346527778,41,-80.33618,25.45548,3,0,11,0,1,1,food
9/3/2024,2024,WET,9,0.372222222,42,-80.33056,25.45049,3,0,1.1,0,0,0,no food
9/3/2024,2024,WET,9,0.399305556,43,-80.33103,25.44473,3,0,22,0,0,0,no food
9/3/2024,2024,WET,9,0.41875,44,-80.33045,25.44313,3,0,38.5,0,1,1,food
9/3/2024,2024,WET,9,0.442361111,45,-80.32405,25.43772,3,0,16.7,0,0,0,no food
9/3/2024,2024,WET,9,0.463194444,46,-80.32162,25.43751,3,0,33.5,0,0,0,no food
9/3/2024,2024,WET,9,0.588888889,47,-80.31944,25.43704,3,0,28.5,0,0,0,no food
9/4/2024,2024,WET,9,0.363888889,18,-80.32877,25.53194,3,0,16,0,0,0,no food
9/4/2024,2024,WET,9,0.39375,19,-80.33109,25.52554,3,0,26.5,0,4,4,food
9/4/2024,2024,WET,9,0.416666667,20,-80.33096,25.51845,3,0,34.5,0,0,0,no food
9/4/2024,2024,WET,9,0.436111111,21,-80.33363,25.51652,3,0,30.5,0,3,3,food
9/4/2024,2024,WET,9,0.453472222,22,-80.33408,25.51555,3,0,22.5,0,4,4,food
9/4/2024,2024,WET,9,0.472222222,23,-80.33476,25.51439,3,0,17.7,0,3,3,food
9/4/2024,2024,WET,9,0.490972222,24,-80.33524,25.51194,3,0,18.5,0,3,3,food
9/4/2024,2024,WET,9,0.516666667,25,-80.3357,25.50955,3,0,12,0,2,2,food
9/4/2024,2024,WET,9,0.54375,26,-80.33361,25.50569,3,0,22.4,0,5,5,food
9/4/2024,2024,WET,9,0.564583333,27,-80.33253,25.50417,3,1,33.2,0,0,0,no food
9/4/2024,2024,WET,9,0.586111111,28,-80.33673,25.50496,3,0,14.9,0,1,1,food
9/4/2024,2024,WET,9,0.604166667,29,-80.33775,25.50444,3,0,24.2,0,0,0,no food
9/5/2024,2024,WET,9,0.395138889,14,-80.31004,25.55169,3,0,34.1,1,0,1,food
9/5/2024,2024,WET,9,0.417361111,15,-80.31235,25.54515,3,4,27,0,0,0,no food
9/5/2024,2024,WET,9,0.438194444,16,-80.31279,25.54038,3,0,18.5,0,0,0,no food
9/5/2024,2024,WET,9,0.455555556,17,-80.31329,25.53737,3,0,40,0,0,0,no food
9/5/2024,2024,WET,9,0.486111111,30,-80.33932,25.49728,3,0,31.7,0,1,1,food
9/5/2024,2024,WET,9,0.505555556,31,-80.33875,25.49323,3,0,8.7,0,0,0,no food
9/5/2024,2024,WET,9,0.532638889,32,-80.34026,25.49033,3,0,19.6,0,2,2,food
9/5/2024,2024,WET,9,0.561805556,33,-80.34,25.48688,3,0,16,0,0,0,no food
9/5/2024,2024,WET,9,0.578472222,34,-80.33971,25.48524,3,0,23.2,0,0,0,no food
9/5/2024,2024,WET,9,0.597916667,35,-80.34022,25.48034,3,0,13.4,0,1,1,food
9/5/2024,2024,WET,9,0.617361111,36,-80.34032,25.47972,3,0,35.8,0,4,4,food
9/6/2024,2024,WET,9,0.377083333,1,-80.28881,25.6292,3,1,57.2,0,0,0,no food
9/6/2024,2024,WET,9,0.597222222,10,-80.30253,25.56965,3,0,76.1,0,0,0,no food
9/6/2024,2024,WET,9,0.613888889,11,-80.30331,25.56839,3,0,78,0,0,0,no food
9/6/2024,2024,WET,9,0.404861111,2,-80.29913,25.62374,3,0,67.2,0,1,1,food
9/6/2024,2024,WET,9,0.426388889,3,-80.30158,25.61747,3,0,26,0,0,0,no food
9/6/2024,2024,WET,9,0.447222222,5,-80.30607,25.61352,3,0,48.7,0,0,0,no food
9/6/2024,2024,WET,9,0.485416667,6,-80.30735,25.60928,3,0,29,0,0,0,no food
9/6/2024,2024,WET,9,0.5125,7,-80.30781,25.59441,3,0,24.1,0,0,0,no food
9/6/2024,2024,WET,9,0.555555556,8,-80.30504,25.57971,3,0,20.6,0,1,1,food
9/6/2024,2024,WET,9,0.575694444,9,-80.30341,25.57396,3,0,58.5,0,0,0,no food
9/9/2024,2024,WET,9,0.514583333,12,-80.30753,25.56167,3,0,8.5,0,2,2,food
9/9/2024,2024,WET,9,0.531944444,13,-80.30754,25.55795,3,0,46.5,0,0,0,no food
9/9/2024,2024,WET,9,0.453472222,4,-80.30298,25.61592,3,0,37.6,1,2,3,food
3/12/2025,2025,DRY,3,0.343055556,38,-80.34003,25.46923,3,0,24.6,0,0,0,no food
3/12/2025,2025,DRY,3,0.375,39,-80.33736,25.46574,3,0,45,0,0,0,no food
3/12/2025,2025,DRY,3,0.407638889,40,-80.33711,25.45871,3,0,43.5,1,0,1,food
3/12/2025,2025,DRY,3,0.427777778,41,-80.336,25.45532,3,0,14.7,1,0,1,food
3/12/2025,2025,DRY,3,0.450694444,42,-80.3306,25.45055,3,0,0,0,0,0,no food
3/12/2025,2025,DRY,3,0.470833333,43,-80.33097,25.4446,3,0,51,0,0,0,no food
3/12/2025,2025,DRY,3,0.498611111,44,-80.33046,25.44311,3,0,42.5,3,0,3,food
3/12/2025,2025,DRY,3,0.519444444,45,-80.32418,25.43775,3,0,6.6,0,0,0,no food
3/12/2025,2025,DRY,3,0.5375,46,-80.32162,25.43754,3,0,33,0,0,0,no food
3/12/2025,2025,DRY,3,0.558333333,47,-80.31918,25.43717,3,0,18.3,0,1,1,food
3/13/2025,2025,DRY,3,0.347222222,18,-80.32867,25.53206,3,0,15,0,0,0,no food
3/13/2025,2025,DRY,3,0.370833333,19,-80.33111,25.52559,3,0,14,0,0,0,no food
3/13/2025,2025,DRY,3,0.396527778,20,-80.33094,25.51841,3,0,8.7,0,0,0,no food
3/13/2025,2025,DRY,3,0.417361111,21,-80.33363,25.51647,3,0,6.7,1,0,1,food
3/13/2025,2025,DRY,3,0.434722222,22,-80.33409,25.51545,3,0,8.6,0,0,0,no food
3/13/2025,2025,DRY,3,0.451388889,23,-80.33473,25.51442,3,0,17.2,1,0,1,food
3/13/2025,2025,DRY,3,0.466666667,24,-80.33528,25.51187,3,0,12.3,0,0,0,no food
3/13/2025,2025,DRY,3,0.498611111,25,-80.33537,25.5095,3,0,23.1,1,0,1,food
3/13/2025,2025,DRY,3,0.518055556,26,-80.3335,25.50556,3,0,11.2,1,0,1,food
3/13/2025,2025,DRY,3,0.534722222,27,-80.33251,25.50416,3,1,22,1,1,2,food
3/14/2025,2025,DRY,3,0.36875,28,-80.33662,25.50513,3,0,27.5,2,0,2,food
3/14/2025,2025,DRY,3,0.390277778,29,-80.3377,25.50439,3,0,42,1,1,2,food
3/14/2025,2025,DRY,3,0.414583333,30,-80.33931,25.49719,3,1,62,0,0,0,no food
3/14/2025,2025,DRY,3,0.436805556,31,-80.33863,25.49319,3,0,12,0,0,0,no food
3/14/2025,2025,DRY,3,0.457638889,32,-80.34016,25.49031,3,0,38.5,0,0,0,no food
3/14/2025,2025,DRY,3,0.481944444,33,-80.33998,25.48685,3,0,32,3,0,3,food
3/14/2025,2025,DRY,3,0.498611111,34,-80.3398,25.48516,3,0,45.1,1,0,1,food
3/14/2025,2025,DRY,3,0.51875,35,-80.34023,25.48018,3,0,35.5,1,0,1,food
3/14/2025,2025,DRY,3,0.536111111,36,-80.34022,25.47952,3,0,41.1,2,0,2,food
3/14/2025,2025,DRY,3,0.558333333,37,-80.34032,25.47701,3,0,35.5,0,0,0,no food
4/1/2025,2025,DRY,4,0.400694444,1,-80.28863,25.62915,3,0,34.5,1,0,1,food
4/1/2025,2025,DRY,4,0.625694444,10,-80.30252,25.5694,3,0,57.2,0,1,1,food
4/1/2025,2025,DRY,4,0.433333333,2,-80.29912,25.62362,3,0,43.5,0,1,1,food
4/1/2025,2025,DRY,4,0.458333333,3,-80.30148,25.61747,3,0,51,0,0,0,no food
4/1/2025,2025,DRY,4,0.657638889,4,-80.30297,25.61595,3,0,56,0,0,0,no food
4/1/2025,2025,DRY,4,0.48125,5,-80.30603,25.61385,3,1,54.1,4,0,4,food
4/1/2025,2025,DRY,4,0.514583333,6,-80.30738,25.60925,3,0,38.5,0,1,1,food
4/1/2025,2025,DRY,4,0.543055556,7,-80.3078,25.59437,3,0,38,1,0,1,food
4/1/2025,2025,DRY,4,0.586805556,8,-80.30488,25.57983,3,0,22,0,0,0,no food
4/1/2025,2025,DRY,4,0.605555556,9,-80.3033,25.57418,3,0,62,0,0,0,no food
4/2/2025,2025,DRY,4,0.433333333,11,-80.30318,25.56837,3,0,28.1,0,0,0,no food
4/2/2025,2025,DRY,4,0.489583333,12,-80.30752,25.56152,3,0,52,0,0,0,no food
4/2/2025,2025,DRY,4,0.509722222,13,-80.30748,25.558,3,0,57.5,0,0,0,no food
4/2/2025,2025,DRY,4,0.545138889,14,-80.31005,25.55163,3,1,56.5,0,0,0,no food
4/2/2025,2025,DRY,4,0.567361111,15,-80.31235,25.54517,3,0,46,0,0,0,no food
4/2/2025,2025,DRY,4,0.588888889,16,-80.31268,25.54037,3,1,38.5,1,0,1,food
4/2/2025,2025,DRY,4,0.60625,17,-80.31327,25.53748,3,0,57.5,0,0,0,no food
9/12/2025,2025,WET,9,0.440277778,1,-80.28871667,25.62921667,3,0,41.8,5,0,5,food
9/12/2025,2025,WET,9,0.463888889,2,-80.29908333,25.6239,3,0,13.2,0,0,0,no food
9/12/2025,2025,WET,9,0.488888889,3,-80.3015,25.61746667,3,0,47.6,1,0,1,food
9/12/2025,2025,WET,9,0.509027778,5,-80.30608333,25.61383333,3,0,3.1,0,0,0,no food
9/12/2025,2025,WET,9,0.551388889,6,-80.30726667,25.60928333,3,0,7.7,0,0,0,no food
9/22/2025,2025,WET,9,0.336805556,18,-80.32883333,25.53195,3,1,28.6,0,0,0,no food
9/22/2025,2025,WET,9,0.359722222,19,-80.3311,25.5255,3,0,28,1,1,2,food
9/22/2025,2025,WET,9,0.379861111,20,-80.33091667,25.5183,3,0,40.1,2,1,3,food
9/22/2025,2025,WET,9,0.398611111,21,-80.33363333,25.5165,3,0,10.7,1,0,1,food
9/22/2025,2025,WET,9,0.414583333,22,-80.33403333,25.51556667,3,0,13,0,0,0,no food
9/22/2025,2025,WET,9,0.43125,23,-80.33471667,25.51446667,3,0,14.2,0,0,0,no food
9/22/2025,2025,WET,9,0.448611111,24,-80.3352,25.51201667,3,0,28.8,0,0,0,no food
9/22/2025,2025,WET,9,0.468055556,25,-80.33556667,25.50946667,3,0,4.7,0,0,0,no food
9/22/2025,2025,WET,9,0.500694444,26,-80.33356667,25.5057,3,0,37.7,0,1,1,food
9/22/2025,2025,WET,9,0.519444444,27,-80.3325,25.50401667,3,0,28,0,0,0,no food
9/22/2025,2025,WET,9,0.538888889,28,-80.3366,25.505,3,0,25.7,1,0,1,food
9/22/2025,2025,WET,9,0.557638889,29,-80.33783333,25.50445,3,0,26.5,0,0,0,no food
9/22/2025,2025,WET,9,0.580555556,30,-80.33925,25.49731667,3,1,47.5,0,0,0,no food
9/22/2025,2025,WET,9,0.600694444,31,-80.33866667,25.49316667,3,0,9.5,0,0,0,no food
9/23/2025,2025,WET,9,0.456944444,10,-80.30258333,25.56926667,3,0,43.5,0,0,0,no food
9/23/2025,2025,WET,9,0.475694444,11,-80.30323333,25.56851667,3,0,75,0,0,0,no food
9/23/2025,2025,WET,9,0.513888889,12,-80.30751667,25.56181667,3,0,4,0,0,0,no food
9/23/2025,2025,WET,9,0.543055556,13,-80.30748333,25.55801667,3,0,41,0,0,0,no food
9/23/2025,2025,WET,9,0.576388889,14,-80.31006667,25.55173333,3,0,20.5,0,0,0,no food
9/23/2025,2025,WET,9,0.597916667,15,-80.31226667,25.54498333,3,0,28.5,2,0,2,food
9/23/2025,2025,WET,9,0.615972222,16,-80.31271667,25.54045,3,0,21,0,0,0,no food
9/23/2025,2025,WET,9,0.633333333,17,-80.3133,25.5375,3,0,20.6,0,0,0,no food
9/23/2025,2025,WET,9,0.351388889,4,-80.30295,25.61586667,3,0,46,0,0,0,no food
9/23/2025,2025,WET,9,0.383333333,7,-80.30766667,25.59425,3,0,19.6,0,0,0,no food
9/23/2025,2025,WET,9,0.420833333,8,-80.30495,25.57963333,3,0,31.5,0,0,0,no food
9/23/2025,2025,WET,9,0.439583333,9,-80.30338333,25.57393333,3,0,54.6,1,0,1,food
9/24/2025,2025,WET,9,0.423611111,32,-80.34026667,25.49035,3,0,22.4,0,0,0,no food
9/24/2025,2025,WET,9,0.446527778,33,-80.33991667,25.4868,3,0,41.2,1,0,1,food
9/24/2025,2025,WET,9,0.461805556,34,-80.3397,25.48516667,3,0,28.3,0,0,0,no food
9/24/2025,2025,WET,9,0.485416667,35,-80.34016667,25.48023333,3,0,30.2,0,0,0,no food
9/24/2025,2025,WET,9,0.5,36,-80.34021667,25.47966667,3,0,34.7,0,0,0,no food
9/24/2025,2025,WET,9,0.516666667,37,-80.34026667,25.47706667,3,0,36.6,0,0,0,no food
9/5/2025,2025,WET,9,0.515277778,38,-80.34003333,25.46915,3,0,45,1,0,1,food
9/5/2025,2025,WET,9,0.535416667,39,-80.33757,25.46581667,3,0,30,2,0,2,food
9/5/2025,2025,WET,9,0.300694444,40,-80.33708333,25.4587,3,3,29.7,5,0,5,food
9/5/2025,2025,WET,9,0.322222222,41,-80.3361,25.45535,3,0,17.6,1,0,1,food
9/5/2025,2025,WET,9,0.347222222,42,-80.3306,25.45046667,3,0,2.5,0,0,0,no food
9/5/2025,2025,WET,9,0.372916667,43,-80.33098333,25.4447,3,0,37.6,6,0,6,food
9/5/2025,2025,WET,9,0.393055556,44,-80.3305,25.44315,3,1,44.7,8,0,8,food
9/5/2025,2025,WET,9,0.419444444,45,-80.32413333,25.4377,3,0,23.5,0,0,0,no food
9/5/2025,2025,WET,9,0.4375,46,-80.32165,25.43745,3,0,30,1,0,1,food
9/5/2025,2025,WET,9,0.459722222,47,-80.31923333,25.4372,3,0,29.2,1,0,1,food
