Date,DoY,CYR,WYR,Season,Month,Day,Site,area_sampled,common_name,species,occur,total_count,temp,sal,water_depth
3/10/2013,69,2013,2013,DRY,3,10,39,3,Gulf Toadfish,Opsanus beta,0,0,20.8,23.03,103
3/10/2013,69,2013,2013,DRY,3,10,40,3,Gulf Toadfish,Opsanus beta,0,0,20.7,31.3,101
3/10/2013,69,2013,2013,DRY,3,10,41,3,Gulf Toadfish,Opsanus beta,0,0,20.5,31.71,89
3/10/2013,69,2013,2013,DRY,3,10,42,3,Gulf Toadfish,Opsanus beta,0,0,20.2,32.71,101
3/10/2013,69,2013,2013,DRY,3,10,43,3,Gulf Toadfish,Opsanus beta,0,0,19.6,32.02,90
3/10/2013,69,2013,2013,DRY,3,10,44,3,Gulf Toadfish,Opsanus beta,0,0,19.6,31.97,81
3/10/2013,69,2013,2013,DRY,3,10,45,3,Gulf Toadfish,Opsanus beta,0,0,19.5,32.36,75
3/10/2013,69,2013,2013,DRY,3,10,46,3,Gulf Toadfish,Opsanus beta,0,0,19.3,32.39,83
3/10/2013,69,2013,2013,DRY,3,10,47,3,Gulf Toadfish,Opsanus beta,0,0,19.2,32.61,123
3/11/2013,70,2013,2013,DRY,3,11,26,3,Gulf Toadfish,Opsanus beta,0,0,20.5,26.62,72
3/11/2013,70,2013,2013,DRY,3,11,27,3,Gulf Toadfish,Opsanus beta,0,0,20.8,26.76,100
3/11/2013,70,2013,2013,DRY,3,11,28,3,Gulf Toadfish,Opsanus beta,0,0,20.8,26.74,118
3/11/2013,70,2013,2013,DRY,3,11,29,3,Gulf Toadfish,Opsanus beta,0,0,20.9,26.85,118
3/11/2013,70,2013,2013,DRY,3,11,30,3,Gulf Toadfish,Opsanus beta,1,4,21.2,27.34,115
3/11/2013,70,2013,2013,DRY,3,11,31,3,Gulf Toadfish,Opsanus beta,0,0,21.4,27.97,98
3/11/2013,70,2013,2013,DRY,3,11,32,3,Gulf Toadfish,Opsanus beta,0,0,21.6,27.33,102
3/11/2013,70,2013,2013,DRY,3,11,33,3,Gulf Toadfish,Opsanus beta,0,0,21.4,26.17,68
3/11/2013,70,2013,2013,DRY,3,11,34,3,Gulf Toadfish,Opsanus beta,0,0,21.6,26,96
3/11/2013,70,2013,2013,DRY,3,11,35,3,Gulf Toadfish,Opsanus beta,0,0,21.6,23.54,73
3/12/2013,71,2013,2013,DRY,3,12,15,3,Gulf Toadfish,Opsanus beta,0,0,21.8,27.71,70
3/12/2013,71,2013,2013,DRY,3,12,16,3,Gulf Toadfish,Opsanus beta,0,0,22.1,27.67,65
3/12/2013,71,2013,2013,DRY,3,12,17,3,Gulf Toadfish,Opsanus beta,0,0,22.1,27.68,110
3/12/2013,71,2013,2013,DRY,3,12,18,3,Gulf Toadfish,Opsanus beta,0,0,22.2,28.3,93
3/12/2013,71,2013,2013,DRY,3,12,19,3,Gulf Toadfish,Opsanus beta,0,0,22.4,27.44,103
3/12/2013,71,2013,2013,DRY,3,12,20,3,Gulf Toadfish,Opsanus beta,0,0,22.5,26.86,65
3/12/2013,71,2013,2013,DRY,3,12,21,3,Gulf Toadfish,Opsanus beta,0,0,22.8,26.7,68
3/12/2013,71,2013,2013,DRY,3,12,22,3,Gulf Toadfish,Opsanus beta,0,0,22.9,26.66,68
3/12/2013,71,2013,2013,DRY,3,12,23,3,Gulf Toadfish,Opsanus beta,0,0,22.8,26.63,62
3/12/2013,71,2013,2013,DRY,3,12,24,3,Gulf Toadfish,Opsanus beta,0,0,23.2,26.47,73
3/12/2013,71,2013,2013,DRY,3,12,25,3,Gulf Toadfish,Opsanus beta,0,0,23,26.61,65
3/13/2013,72,2013,2013,DRY,3,13,10,3,Gulf Toadfish,Opsanus beta,1,2,22.1,31.83,98
3/13/2013,72,2013,2013,DRY,3,13,11,3,Gulf Toadfish,Opsanus beta,0,0,22.5,31.8,75
3/13/2013,72,2013,2013,DRY,3,13,12,3,Gulf Toadfish,Opsanus beta,0,0,22.7,31.37,87
3/13/2013,72,2013,2013,DRY,3,13,13,3,Gulf Toadfish,Opsanus beta,0,0,22.9,31.62,74
3/13/2013,72,2013,2013,DRY,3,13,14,3,Gulf Toadfish,Opsanus beta,0,0,23.1,29.4,67
3/13/2013,72,2013,2013,DRY,3,13,7,3,Gulf Toadfish,Opsanus beta,0,0,21.6,32.44,84
3/13/2013,72,2013,2013,DRY,3,13,8,3,Gulf Toadfish,Opsanus beta,0,0,21.6,32.06,71
3/13/2013,72,2013,2013,DRY,3,13,9,3,Gulf Toadfish,Opsanus beta,0,0,21.8,32.02,86
3/14/2013,73,2013,2013,DRY,3,14,1,3,Gulf Toadfish,Opsanus beta,0,0,21.9,32.34,83
3/14/2013,73,2013,2013,DRY,3,14,2,3,Gulf Toadfish,Opsanus beta,0,0,20.3,31.98,103
3/14/2013,73,2013,2013,DRY,3,14,3,3,Gulf Toadfish,Opsanus beta,0,0,21,32.86,110
3/14/2013,73,2013,2013,DRY,3,14,4,3,Gulf Toadfish,Opsanus beta,0,0,20.5,32.99,103
3/14/2013,73,2013,2013,DRY,3,14,5,3,Gulf Toadfish,Opsanus beta,0,0,20.4,32.32,83
3/14/2013,73,2013,2013,DRY,3,14,6,3,Gulf Toadfish,Opsanus beta,0,0,21.6,32.16,66
9/3/2013,246,2013,2014,WET,9,3,39,3,Gulf Toadfish,Opsanus beta,0,0,29.8,19.89,85
9/3/2013,246,2013,2014,WET,9,3,40,3,Gulf Toadfish,Opsanus beta,1,1,28.6,22.83,94
9/3/2013,246,2013,2014,WET,9,3,41,3,Gulf Toadfish,Opsanus beta,0,0,28.6,22.27,75
9/3/2013,246,2013,2014,WET,9,3,42,3,Gulf Toadfish,Opsanus beta,0,0,29.3,18.26,66
9/3/2013,246,2013,2014,WET,9,3,43,3,Gulf Toadfish,Opsanus beta,1,1,29.5,18.36,66
9/3/2013,246,2013,2014,WET,9,3,44,3,Gulf Toadfish,Opsanus beta,1,2,28.9,19.06,42
9/3/2013,246,2013,2014,WET,9,3,45,3,Gulf Toadfish,Opsanus beta,1,1,28.7,21.34,61
9/3/2013,246,2013,2014,WET,9,3,46,3,Gulf Toadfish,Opsanus beta,0,0,29.5,20.31,38
9/3/2013,246,2013,2014,WET,9,3,47,3,Gulf Toadfish,Opsanus beta,1,1,30.7,24.88,71
9/4/2013,247,2013,2014,WET,9,4,27,3,Gulf Toadfish,Opsanus beta,0,0,30.8,13.42,47
9/4/2013,247,2013,2014,WET,9,4,30,3,Gulf Toadfish,Opsanus beta,0,0,29.6,14.93,55
9/4/2013,247,2013,2014,WET,9,4,31,3,Gulf Toadfish,Opsanus beta,0,0,29.3,12.91,75
9/4/2013,247,2013,2014,WET,9,4,32,3,Gulf Toadfish,Opsanus beta,0,0,29.8,12.72,82
9/4/2013,247,2013,2014,WET,9,4,33,3,Gulf Toadfish,Opsanus beta,0,0,28.5,12.11,79
9/4/2013,247,2013,2014,WET,9,4,34,3,Gulf Toadfish,Opsanus beta,0,0,28.9,13.19,87
9/4/2013,247,2013,2014,WET,9,4,35,3,Gulf Toadfish,Opsanus beta,0,0,28.5,10.79,100
9/4/2013,247,2013,2014,WET,9,4,38,3,Gulf Toadfish,Opsanus beta,0,0,27.7,6.01,82
9/5/2013,248,2013,2014,WET,9,5,15,3,Gulf Toadfish,Opsanus beta,0,0,30.2,20.16,39
9/5/2013,248,2013,2014,WET,9,5,16,3,Gulf Toadfish,Opsanus beta,0,0,30.5,17.77,68
9/5/2013,248,2013,2014,WET,9,5,17,3,Gulf Toadfish,Opsanus beta,0,0,30.6,16.87,91
9/5/2013,248,2013,2014,WET,9,5,18,3,Gulf Toadfish,Opsanus beta,1,1,29.5,4.63,76
9/5/2013,248,2013,2014,WET,9,5,19,3,Gulf Toadfish,Opsanus beta,0,0,29,6.25,76
9/5/2013,248,2013,2014,WET,9,5,20,3,Gulf Toadfish,Opsanus beta,1,1,29.2,2.68,94
9/5/2013,248,2013,2014,WET,9,5,21,3,Gulf Toadfish,Opsanus beta,1,2,29.1,3.71,93
9/5/2013,248,2013,2014,WET,9,5,22,3,Gulf Toadfish,Opsanus beta,0,0,28.9,3.87,93
9/5/2013,248,2013,2014,WET,9,5,23,3,Gulf Toadfish,Opsanus beta,0,0,28.7,3.94,92
9/5/2013,248,2013,2014,WET,9,5,24,3,Gulf Toadfish,Opsanus beta,0,0,28.6,4.88,93
9/5/2013,248,2013,2014,WET,9,5,25,3,Gulf Toadfish,Opsanus beta,0,0,28.3,6.99,91
9/5/2013,248,2013,2014,WET,9,5,26,3,Gulf Toadfish,Opsanus beta,0,0,28.4,7.87,69
9/5/2013,248,2013,2014,WET,9,5,28,3,Gulf Toadfish,Opsanus beta,1,1,28.5,11.94,83
9/5/2013,248,2013,2014,WET,9,5,29,3,Gulf Toadfish,Opsanus beta,0,0,28.1,12.57,83
9/6/2013,249,2013,2014,WET,9,6,10,3,Gulf Toadfish,Opsanus beta,0,0,30,22.1,90
9/6/2013,249,2013,2014,WET,9,6,11,3,Gulf Toadfish,Opsanus beta,0,0,30,21.86,85
9/6/2013,249,2013,2014,WET,9,6,12,3,Gulf Toadfish,Opsanus beta,0,0,29.1,21.52,100
9/6/2013,249,2013,2014,WET,9,6,13,3,Gulf Toadfish,Opsanus beta,0,0,29,21.4,87
9/6/2013,249,2013,2014,WET,9,6,14,3,Gulf Toadfish,Opsanus beta,0,0,28.8,21.09,93
9/6/2013,249,2013,2014,WET,9,6,7,3,Gulf Toadfish,Opsanus beta,1,1,31.3,22.96,63
9/6/2013,249,2013,2014,WET,9,6,8,3,Gulf Toadfish,Opsanus beta,0,0,31,22.72,56
9/6/2013,249,2013,2014,WET,9,6,9,3,Gulf Toadfish,Opsanus beta,0,0,30.6,22.26,65
9/8/2013,251,2013,2014,WET,9,8,1,3,Gulf Toadfish,Opsanus beta,1,2,29.8,25.25,110
9/8/2013,251,2013,2014,WET,9,8,2,3,Gulf Toadfish,Opsanus beta,0,0,29.5,24.79,115
9/8/2013,251,2013,2014,WET,9,8,3,3,Gulf Toadfish,Opsanus beta,0,0,30.1,25.65,104
9/8/2013,251,2013,2014,WET,9,8,4,3,Gulf Toadfish,Opsanus beta,0,0,29.7,25.57,78
9/8/2013,251,2013,2014,WET,9,8,5,3,Gulf Toadfish,Opsanus beta,0,0,29.6,24.56,85
9/8/2013,251,2013,2014,WET,9,8,6,3,Gulf Toadfish,Opsanus beta,1,1,28,22,60
3/14/2014,73,2014,2014,DRY,3,14,40,3,Gulf Toadfish,Opsanus beta,0,0,22.1,27.77,NA
3/14/2014,73,2014,2014,DRY,3,14,41,3,Gulf Toadfish,Opsanus beta,0,0,21.5,28.05,NA
3/14/2014,73,2014,2014,DRY,3,14,42,3,Gulf Toadfish,Opsanus beta,0,0,21.8,26.9,NA
3/14/2014,73,2014,2014,DRY,3,14,43,3,Gulf Toadfish,Opsanus beta,0,0,20.8,28.6,NA
3/14/2014,73,2014,2014,DRY,3,14,44,3,Gulf Toadfish,Opsanus beta,0,0,21.4,27.49,NA
3/14/2014,73,2014,2014,DRY,3,14,45,3,Gulf Toadfish,Opsanus beta,0,0,19.9,30.64,NA
3/14/2014,73,2014,2014,DRY,3,14,46,3,Gulf Toadfish,Opsanus beta,0,0,20.5,30.08,NA
3/14/2014,73,2014,2014,DRY,3,14,47,3,Gulf Toadfish,Opsanus beta,0,0,20.9,28.55,NA
3/15/2014,74,2014,2014,DRY,3,15,27,3,Gulf Toadfish,Opsanus beta,1,7,24.6,21.57,46
3/15/2014,74,2014,2014,DRY,3,15,28,3,Gulf Toadfish,Opsanus beta,0,0,24.8,21.56,70
3/15/2014,74,2014,2014,DRY,3,15,29,3,Gulf Toadfish,Opsanus beta,1,2,24.6,22.16,59
3/15/2014,74,2014,2014,DRY,3,15,30,3,Gulf Toadfish,Opsanus beta,0,0,23.6,23.37,45
3/15/2014,74,2014,2014,DRY,3,15,31,3,Gulf Toadfish,Opsanus beta,1,1,22.7,21.81,60
3/15/2014,74,2014,2014,DRY,3,15,32,3,Gulf Toadfish,Opsanus beta,0,0,22.3,20.69,79
3/15/2014,74,2014,2014,DRY,3,15,33,3,Gulf Toadfish,Opsanus beta,1,1,22.4,18.5,75
3/15/2014,74,2014,2014,DRY,3,15,34,3,Gulf Toadfish,Opsanus beta,0,0,21.5,18.21,75
3/15/2014,74,2014,2014,DRY,3,15,35,3,Gulf Toadfish,Opsanus beta,0,0,22.3,17.48,79
3/15/2014,74,2014,2014,DRY,3,15,38,3,Gulf Toadfish,Opsanus beta,0,0,21.6,13.21,86
3/15/2014,74,2014,2014,DRY,3,15,39,3,Gulf Toadfish,Opsanus beta,0,0,22.2,19.09,81
3/16/2014,75,2014,2014,DRY,3,16,17,3,Gulf Toadfish,Opsanus beta,0,0,22.9,23.94,99
3/16/2014,75,2014,2014,DRY,3,16,18,3,Gulf Toadfish,Opsanus beta,1,2,22.9,21.29,79
3/16/2014,75,2014,2014,DRY,3,16,19,3,Gulf Toadfish,Opsanus beta,0,0,23,15.4,72
3/16/2014,75,2014,2014,DRY,3,16,20,3,Gulf Toadfish,Opsanus beta,0,0,24.5,12.57,48
3/16/2014,75,2014,2014,DRY,3,16,21,3,Gulf Toadfish,Opsanus beta,0,0,24.2,12.68,64
3/16/2014,75,2014,2014,DRY,3,16,22,3,Gulf Toadfish,Opsanus beta,0,0,24,13.57,66
3/16/2014,75,2014,2014,DRY,3,16,23,3,Gulf Toadfish,Opsanus beta,0,0,24.6,14.42,50
3/16/2014,75,2014,2014,DRY,3,16,24,3,Gulf Toadfish,Opsanus beta,0,0,24.4,16.62,50
3/16/2014,75,2014,2014,DRY,3,16,25,3,Gulf Toadfish,Opsanus beta,0,0,25.9,17.45,48
3/16/2014,75,2014,2014,DRY,3,16,26,3,Gulf Toadfish,Opsanus beta,0,0,25.3,21.5,65
3/31/2014,90,2014,2014,DRY,3,31,10,3,Gulf Toadfish,Opsanus beta,0,0,22,29.62,52
3/31/2014,90,2014,2014,DRY,3,31,11,3,Gulf Toadfish,Opsanus beta,0,0,22.6,29.5,65
3/31/2014,90,2014,2014,DRY,3,31,12,3,Gulf Toadfish,Opsanus beta,0,0,22.5,28.69,88
3/31/2014,90,2014,2014,DRY,3,31,13,3,Gulf Toadfish,Opsanus beta,0,0,22.5,28.31,74
3/31/2014,90,2014,2014,DRY,3,31,14,3,Gulf Toadfish,Opsanus beta,0,0,22.3,26.13,69
3/31/2014,90,2014,2014,DRY,3,31,15,3,Gulf Toadfish,Opsanus beta,1,1,21.9,24.44,68
3/31/2014,90,2014,2014,DRY,3,31,16,3,Gulf Toadfish,Opsanus beta,0,0,22.4,24.33,51
3/31/2014,90,2014,2014,DRY,3,31,9,3,Gulf Toadfish,Opsanus beta,1,1,23.4,29.94,39
4/1/2014,91,2014,2014,DRY,4,1,2,3,Gulf Toadfish,Opsanus beta,0,0,24.4,27.39,82
4/1/2014,91,2014,2014,DRY,4,1,3,3,Gulf Toadfish,Opsanus beta,1,1,24.7,29.33,77
4/1/2014,91,2014,2014,DRY,4,1,4,3,Gulf Toadfish,Opsanus beta,0,0,24.2,29.61,64
4/1/2014,91,2014,2014,DRY,4,1,5,3,Gulf Toadfish,Opsanus beta,0,0,23.7,26.62,88
4/1/2014,91,2014,2014,DRY,4,1,6,3,Gulf Toadfish,Opsanus beta,0,0,23.2,22.71,88
4/1/2014,91,2014,2014,DRY,4,1,7,3,Gulf Toadfish,Opsanus beta,0,0,22.4,29.19,80
4/1/2014,91,2014,2014,DRY,4,1,8,3,Gulf Toadfish,Opsanus beta,0,0,21.7,30.29,63
8/25/2014,237,2014,2015,WET,8,25,39,3,Gulf Toadfish,Opsanus beta,0,0,31.8,32.99,100
8/25/2014,237,2014,2015,WET,8,25,40,3,Gulf Toadfish,Opsanus beta,0,0,32,37.1,96
8/25/2014,237,2014,2015,WET,8,25,41,3,Gulf Toadfish,Opsanus beta,0,0,31.3,36.13,100
8/25/2014,237,2014,2015,WET,8,25,42,3,Gulf Toadfish,Opsanus beta,0,0,31.8,37.45,141
8/25/2014,237,2014,2015,WET,8,25,43,3,Gulf Toadfish,Opsanus beta,0,0,31.3,38.67,87
8/25/2014,237,2014,2015,WET,8,25,44,3,Gulf Toadfish,Opsanus beta,0,0,31.1,38.17,82
8/25/2014,237,2014,2015,WET,8,25,45,3,Gulf Toadfish,Opsanus beta,0,0,30.4,36.8,91
8/25/2014,237,2014,2015,WET,8,25,46,3,Gulf Toadfish,Opsanus beta,0,0,30.1,36.78,89
8/25/2014,237,2014,2015,WET,8,25,47,3,Gulf Toadfish,Opsanus beta,0,0,30.3,39.71,104
8/26/2014,238,2014,2015,WET,8,26,27,3,Gulf Toadfish,Opsanus beta,0,0,30.1,26.77,91
8/26/2014,238,2014,2015,WET,8,26,28,3,Gulf Toadfish,Opsanus beta,0,0,29.7,27.11,124
8/26/2014,238,2014,2015,WET,8,26,29,3,Gulf Toadfish,Opsanus beta,0,0,29.8,26.63,122
8/26/2014,238,2014,2015,WET,8,26,30,3,Gulf Toadfish,Opsanus beta,0,0,29.5,28.77,112
8/26/2014,238,2014,2015,WET,8,26,31,3,Gulf Toadfish,Opsanus beta,0,0,29.2,29.11,126
8/26/2014,238,2014,2015,WET,8,26,32,3,Gulf Toadfish,Opsanus beta,0,0,29.6,29.85,142
8/26/2014,238,2014,2015,WET,8,26,33,3,Gulf Toadfish,Opsanus beta,0,0,29.5,29.26,137
8/26/2014,238,2014,2015,WET,8,26,34,3,Gulf Toadfish,Opsanus beta,0,0,29.4,29.46,138
8/26/2014,238,2014,2015,WET,8,26,35,3,Gulf Toadfish,Opsanus beta,0,0,29.4,28.08,121
8/26/2014,238,2014,2015,WET,8,26,36,3,Gulf Toadfish,Opsanus beta,0,0,29.2,28.1,98
8/26/2014,238,2014,2015,WET,8,26,37,3,Gulf Toadfish,Opsanus beta,0,0,29,29.24,140
8/26/2014,238,2014,2015,WET,8,26,38,3,Gulf Toadfish,Opsanus beta,0,0,28.6,21.25,100
8/27/2014,239,2014,2015,WET,8,27,18,3,Gulf Toadfish,Opsanus beta,0,0,28.6,22.05,80
8/27/2014,239,2014,2015,WET,8,27,19,3,Gulf Toadfish,Opsanus beta,0,0,28.2,23.3,96
8/27/2014,239,2014,2015,WET,8,27,20,3,Gulf Toadfish,Opsanus beta,0,0,28.7,24.76,106
8/27/2014,239,2014,2015,WET,8,27,21,3,Gulf Toadfish,Opsanus beta,0,0,28.7,23.98,131
8/27/2014,239,2014,2015,WET,8,27,22,3,Gulf Toadfish,Opsanus beta,0,0,29.1,24.13,100
8/27/2014,239,2014,2015,WET,8,27,23,3,Gulf Toadfish,Opsanus beta,0,0,29.4,24.58,103
8/27/2014,239,2014,2015,WET,8,27,24,3,Gulf Toadfish,Opsanus beta,0,0,29.6,25.22,104
8/27/2014,239,2014,2015,WET,8,27,25,3,Gulf Toadfish,Opsanus beta,0,0,29.6,24.09,103
8/27/2014,239,2014,2015,WET,8,27,26,3,Gulf Toadfish,Opsanus beta,0,0,29.6,24.73,106
9/8/2014,251,2014,2015,WET,9,8,1,3,Gulf Toadfish,Opsanus beta,0,0,28.8,38.87,98
9/9/2014,252,2014,2015,WET,9,9,10,3,Gulf Toadfish,Opsanus beta,0,0,27.7,28.13,90
9/9/2014,252,2014,2015,WET,9,9,11,3,Gulf Toadfish,Opsanus beta,0,0,28.1,28.09,92
9/9/2014,252,2014,2015,WET,9,9,12,3,Gulf Toadfish,Opsanus beta,0,0,28.5,27.91,103
9/9/2014,252,2014,2015,WET,9,9,13,3,Gulf Toadfish,Opsanus beta,0,0,28.6,27.72,90
9/9/2014,252,2014,2015,WET,9,9,14,3,Gulf Toadfish,Opsanus beta,0,0,29.2,27.76,105
9/9/2014,252,2014,2015,WET,9,9,15,3,Gulf Toadfish,Opsanus beta,0,0,29.4,27.01,110
9/9/2014,252,2014,2015,WET,9,9,16,3,Gulf Toadfish,Opsanus beta,0,0,29.1,26.53,102
9/9/2014,252,2014,2015,WET,9,9,17,3,Gulf Toadfish,Opsanus beta,0,0,29.5,25.85,90
9/9/2014,252,2014,2015,WET,9,9,7,3,Gulf Toadfish,Opsanus beta,0,0,27.9,29.17,63
9/9/2014,252,2014,2015,WET,9,9,8,3,Gulf Toadfish,Opsanus beta,0,0,27.6,28.72,68
9/9/2014,252,2014,2015,WET,9,9,9,3,Gulf Toadfish,Opsanus beta,0,0,27.5,28.33,83
3/17/2015,76,2015,2015,DRY,3,17,42,3,Gulf Toadfish,Opsanus beta,0,0,28.1,32.93,55
3/17/2015,76,2015,2015,DRY,3,17,43,3,Gulf Toadfish,Opsanus beta,0,0,28,33.26,45
3/17/2015,76,2015,2015,DRY,3,17,44,3,Gulf Toadfish,Opsanus beta,0,0,26.2,33.71,43
3/17/2015,76,2015,2015,DRY,3,17,45,3,Gulf Toadfish,Opsanus beta,0,0,26.6,33.79,83
3/17/2015,76,2015,2015,DRY,3,17,46,3,Gulf Toadfish,Opsanus beta,0,0,26.3,33.74,42
3/17/2015,76,2015,2015,DRY,3,17,47,3,Gulf Toadfish,Opsanus beta,0,0,25.8,34.62,97
3/18/2015,77,2015,2015,DRY,3,18,32,3,Gulf Toadfish,Opsanus beta,0,0,28.3,26.26,66
3/18/2015,77,2015,2015,DRY,3,18,33,3,Gulf Toadfish,Opsanus beta,1,2,27.9,27.45,63
3/18/2015,77,2015,2015,DRY,3,18,34,3,Gulf Toadfish,Opsanus beta,0,0,26,27.77,70
3/18/2015,77,2015,2015,DRY,3,18,36,3,Gulf Toadfish,Opsanus beta,0,0,28.6,29.7,76
3/18/2015,77,2015,2015,DRY,3,18,37,3,Gulf Toadfish,Opsanus beta,0,0,26.6,29.62,78
3/18/2015,77,2015,2015,DRY,3,18,38,3,Gulf Toadfish,Opsanus beta,0,0,28.4,31.53,91
3/18/2015,77,2015,2015,DRY,3,18,39,3,Gulf Toadfish,Opsanus beta,0,0,27.4,31.62,101
3/18/2015,77,2015,2015,DRY,3,18,40,3,Gulf Toadfish,Opsanus beta,0,0,24.8,31.54,95
3/18/2015,77,2015,2015,DRY,3,18,41,3,Gulf Toadfish,Opsanus beta,0,0,25,32.29,95
3/19/2015,78,2015,2015,DRY,3,19,22,3,Gulf Toadfish,Opsanus beta,0,0,27.4,23.65,75
3/19/2015,78,2015,2015,DRY,3,19,23,3,Gulf Toadfish,Opsanus beta,0,0,27.7,22.97,70
3/19/2015,78,2015,2015,DRY,3,19,24,3,Gulf Toadfish,Opsanus beta,0,0,27.1,23.66,60
3/19/2015,78,2015,2015,DRY,3,19,25,3,Gulf Toadfish,Opsanus beta,0,0,26.6,23.11,64
3/19/2015,78,2015,2015,DRY,3,19,26,3,Gulf Toadfish,Opsanus beta,0,0,27.2,25.33,78
3/19/2015,78,2015,2015,DRY,3,19,27,3,Gulf Toadfish,Opsanus beta,0,0,26.7,25.31,85
3/19/2015,78,2015,2015,DRY,3,19,28,3,Gulf Toadfish,Opsanus beta,0,0,26.2,24.7,104
3/19/2015,78,2015,2015,DRY,3,19,29,3,Gulf Toadfish,Opsanus beta,0,0,26.3,25.14,105
3/19/2015,78,2015,2015,DRY,3,19,30,3,Gulf Toadfish,Opsanus beta,0,0,26.4,27.41,100
3/19/2015,78,2015,2015,DRY,3,19,31,3,Gulf Toadfish,Opsanus beta,0,0,26.3,27.92,90
3/20/2015,79,2015,2015,DRY,3,20,18,3,Gulf Toadfish,Opsanus beta,0,0,26.8,22.54,98
3/20/2015,79,2015,2015,DRY,3,20,19,3,Gulf Toadfish,Opsanus beta,0,0,26.2,23.33,103
3/20/2015,79,2015,2015,DRY,3,20,20,3,Gulf Toadfish,Opsanus beta,0,0,26,24.39,105
3/20/2015,79,2015,2015,DRY,3,20,21,3,Gulf Toadfish,Opsanus beta,0,0,26.1,25.05,86
4/1/2015,91,2015,2015,DRY,4,1,10,3,Gulf Toadfish,Opsanus beta,0,0,24.7,30.12,50
4/1/2015,91,2015,2015,DRY,4,1,11,3,Gulf Toadfish,Opsanus beta,0,0,25,30.07,35
4/1/2015,91,2015,2015,DRY,4,1,12,3,Gulf Toadfish,Opsanus beta,0,0,24.1,29.8,85
4/1/2015,91,2015,2015,DRY,4,1,13,3,Gulf Toadfish,Opsanus beta,0,0,24.1,29.49,90
4/1/2015,91,2015,2015,DRY,4,1,14,3,Gulf Toadfish,Opsanus beta,0,0,23.8,28.69,79
4/1/2015,91,2015,2015,DRY,4,1,15,3,Gulf Toadfish,Opsanus beta,1,1,23.2,27.51,72
4/1/2015,91,2015,2015,DRY,4,1,16,3,Gulf Toadfish,Opsanus beta,0,0,23.3,27.49,80
4/1/2015,91,2015,2015,DRY,4,1,17,3,Gulf Toadfish,Opsanus beta,0,0,23.2,27.33,55
4/2/2015,92,2015,2015,DRY,4,2,1,3,Gulf Toadfish,Opsanus beta,0,0,26.6,32.25,60
4/2/2015,92,2015,2015,DRY,4,2,2,3,Gulf Toadfish,Opsanus beta,0,0,26.2,30.94,62
4/2/2015,92,2015,2015,DRY,4,2,3,3,Gulf Toadfish,Opsanus beta,0,0,25.9,31.26,62
4/2/2015,92,2015,2015,DRY,4,2,4,3,Gulf Toadfish,Opsanus beta,0,0,25.8,31.57,52
4/2/2015,92,2015,2015,DRY,4,2,5,3,Gulf Toadfish,Opsanus beta,0,0,25,30.42,70
4/2/2015,92,2015,2015,DRY,4,2,7,3,Gulf Toadfish,Opsanus beta,0,0,25.2,31.89,70
4/2/2015,92,2015,2015,DRY,4,2,8,3,Gulf Toadfish,Opsanus beta,0,0,24,31.21,60
4/2/2015,92,2015,2015,DRY,4,2,9,3,Gulf Toadfish,Opsanus beta,0,0,23.7,30.53,51
9/10/2015,253,2015,2016,WET,9,10,38,3,Gulf Toadfish,Opsanus beta,0,0,35.2,24.06,55
9/10/2015,253,2015,2016,WET,9,10,39,3,Gulf Toadfish,Opsanus beta,0,0,34.4,30.41,72
9/10/2015,253,2015,2016,WET,9,10,40,3,Gulf Toadfish,Opsanus beta,0,0,32,29.9,61
9/10/2015,253,2015,2016,WET,9,10,41,3,Gulf Toadfish,Opsanus beta,0,0,31.1,30.53,54
9/10/2015,253,2015,2016,WET,9,10,42,3,Gulf Toadfish,Opsanus beta,0,0,30.9,32.1,110
9/10/2015,253,2015,2016,WET,9,10,43,3,Gulf Toadfish,Opsanus beta,0,0,31.1,33.74,72
9/10/2015,253,2015,2016,WET,9,10,44,3,Gulf Toadfish,Opsanus beta,0,0,30.5,34.59,65
9/10/2015,253,2015,2016,WET,9,10,45,3,Gulf Toadfish,Opsanus beta,0,0,30.9,35.86,90
9/10/2015,253,2015,2016,WET,9,10,46,3,Gulf Toadfish,Opsanus beta,0,0,30.1,35.8,65
9/10/2015,253,2015,2016,WET,9,10,47,3,Gulf Toadfish,Opsanus beta,0,0,29.8,35.87,77
9/11/2015,254,2015,2016,WET,9,11,31,3,Gulf Toadfish,Opsanus beta,1,2,31.9,18.05,66
9/11/2015,254,2015,2016,WET,9,11,32,3,Gulf Toadfish,Opsanus beta,1,1,33.4,21.61,95
9/11/2015,254,2015,2016,WET,9,11,33,3,Gulf Toadfish,Opsanus beta,0,0,30.9,19.43,87
9/11/2015,254,2015,2016,WET,9,11,34,3,Gulf Toadfish,Opsanus beta,0,0,30.9,19.42,82
9/11/2015,254,2015,2016,WET,9,11,35,3,Gulf Toadfish,Opsanus beta,0,0,31.5,25.37,74
9/11/2015,254,2015,2016,WET,9,11,36,3,Gulf Toadfish,Opsanus beta,0,0,30.8,27.27,72
9/11/2015,254,2015,2016,WET,9,11,37,3,Gulf Toadfish,Opsanus beta,1,2,30.2,23.49,80
9/12/2015,255,2015,2016,WET,9,12,18,3,Gulf Toadfish,Opsanus beta,0,0,31.9,9.91,52
9/12/2015,255,2015,2016,WET,9,12,19,3,Gulf Toadfish,Opsanus beta,0,0,31.8,13.79,65
9/12/2015,255,2015,2016,WET,9,12,20,3,Gulf Toadfish,Opsanus beta,0,0,31.6,13.17,75
9/12/2015,255,2015,2016,WET,9,12,21,3,Gulf Toadfish,Opsanus beta,0,0,31.1,15.43,80
9/12/2015,255,2015,2016,WET,9,12,22,3,Gulf Toadfish,Opsanus beta,0,0,31.5,15.11,80
9/12/2015,255,2015,2016,WET,9,12,23,3,Gulf Toadfish,Opsanus beta,0,0,31.8,16.39,76
9/12/2015,255,2015,2016,WET,9,12,24,3,Gulf Toadfish,Opsanus beta,0,0,32,19.72,75
9/12/2015,255,2015,2016,WET,9,12,25,3,Gulf Toadfish,Opsanus beta,0,0,31.6,20.7,85
9/12/2015,255,2015,2016,WET,9,12,26,3,Gulf Toadfish,Opsanus beta,0,0,31.1,20.18,85
9/12/2015,255,2015,2016,WET,9,12,27,3,Gulf Toadfish,Opsanus beta,0,0,30.8,19.69,78
9/12/2015,255,2015,2016,WET,9,12,28,3,Gulf Toadfish,Opsanus beta,0,0,30.3,19.19,97
9/12/2015,255,2015,2016,WET,9,12,29,3,Gulf Toadfish,Opsanus beta,0,0,30.3,19.06,85
9/12/2015,255,2015,2016,WET,9,12,30,3,Gulf Toadfish,Opsanus beta,0,0,30.4,19.06,86
9/14/2015,257,2015,2016,WET,9,14,10,3,Gulf Toadfish,Opsanus beta,0,0,30.4,20.96,65
9/14/2015,257,2015,2016,WET,9,14,11,3,Gulf Toadfish,Opsanus beta,0,0,31.6,20.7,68
9/14/2015,257,2015,2016,WET,9,14,12,3,Gulf Toadfish,Opsanus beta,0,0,30.8,19.35,80
9/14/2015,257,2015,2016,WET,9,14,13,3,Gulf Toadfish,Opsanus beta,0,0,31,19.97,87
9/14/2015,257,2015,2016,WET,9,14,14,3,Gulf Toadfish,Opsanus beta,1,1,30.5,20.19,100
9/14/2015,257,2015,2016,WET,9,14,15,3,Gulf Toadfish,Opsanus beta,0,0,30.5,23.46,74
9/14/2015,257,2015,2016,WET,9,14,16,3,Gulf Toadfish,Opsanus beta,0,0,30.9,23.61,73
9/14/2015,257,2015,2016,WET,9,14,17,3,Gulf Toadfish,Opsanus beta,0,0,30.5,23.64,95
9/14/2015,257,2015,2016,WET,9,14,8,3,Gulf Toadfish,Opsanus beta,0,0,32,22.56,35
9/14/2015,257,2015,2016,WET,9,14,9,3,Gulf Toadfish,Opsanus beta,0,0,32.1,21.57,64
9/16/2015,259,2015,2016,WET,9,16,1,3,Gulf Toadfish,Opsanus beta,0,0,29.3,28.35,105
9/16/2015,259,2015,2016,WET,9,16,2,3,Gulf Toadfish,Opsanus beta,0,0,28.9,23.68,100
9/16/2015,259,2015,2016,WET,9,16,3,3,Gulf Toadfish,Opsanus beta,0,0,28.7,24.88,95
9/16/2015,259,2015,2016,WET,9,16,4,3,Gulf Toadfish,Opsanus beta,1,2,28.4,26.48,121
9/16/2015,259,2015,2016,WET,9,16,5,3,Gulf Toadfish,Opsanus beta,0,0,28.2,21.69,115
9/16/2015,259,2015,2016,WET,9,16,6,3,Gulf Toadfish,Opsanus beta,0,0,27.9,20.49,90
9/16/2015,259,2015,2016,WET,9,16,7,3,Gulf Toadfish,Opsanus beta,0,0,27.6,25.58,80
3/20/2016,80,2016,2016,DRY,3,20,42,3,Gulf Toadfish,Opsanus beta,0,0,27.2,28.82,67
3/20/2016,80,2016,2016,DRY,3,20,43,3,Gulf Toadfish,Opsanus beta,0,0,27.4,28,50
3/20/2016,80,2016,2016,DRY,3,20,44,3,Gulf Toadfish,Opsanus beta,0,0,26.3,26.71,53
3/20/2016,80,2016,2016,DRY,3,20,45,3,Gulf Toadfish,Opsanus beta,0,0,27,28.12,62
3/20/2016,80,2016,2016,DRY,3,20,46,3,Gulf Toadfish,Opsanus beta,0,0,26.9,26.42,52
3/20/2016,80,2016,2016,DRY,3,20,47,3,Gulf Toadfish,Opsanus beta,0,0,26,26.48,85
3/24/2016,84,2016,2016,DRY,3,24,35,3,Gulf Toadfish,Opsanus beta,0,0,24.6,10.51,80
3/24/2016,84,2016,2016,DRY,3,24,36,3,Gulf Toadfish,Opsanus beta,0,0,24.4,10.25,75
3/24/2016,84,2016,2016,DRY,3,24,37,3,Gulf Toadfish,Opsanus beta,0,0,24,9.62,90
3/24/2016,84,2016,2016,DRY,3,24,38,3,Gulf Toadfish,Opsanus beta,0,0,23.7,7.88,100
3/24/2016,84,2016,2016,DRY,3,24,39,3,Gulf Toadfish,Opsanus beta,0,0,23.7,8.76,95
3/24/2016,84,2016,2016,DRY,3,24,40,3,Gulf Toadfish,Opsanus beta,0,0,23.1,17.71,87
3/24/2016,84,2016,2016,DRY,3,24,41,3,Gulf Toadfish,Opsanus beta,1,1,23.2,20.01,72
3/28/2016,88,2016,2016,DRY,3,28,28,3,Gulf Toadfish,Opsanus beta,0,0,29.3,13.7,85
3/28/2016,88,2016,2016,DRY,3,28,29,3,Gulf Toadfish,Opsanus beta,1,1,29.9,14.04,81
3/28/2016,88,2016,2016,DRY,3,28,30,3,Gulf Toadfish,Opsanus beta,0,0,29.5,17.7,80
3/28/2016,88,2016,2016,DRY,3,28,31,3,Gulf Toadfish,Opsanus beta,0,0,28.4,17.07,77
3/28/2016,88,2016,2016,DRY,3,28,32,3,Gulf Toadfish,Opsanus beta,0,0,28.7,17.2,75
3/28/2016,88,2016,2016,DRY,3,28,33,3,Gulf Toadfish,Opsanus beta,0,0,28.3,18.55,76
3/28/2016,88,2016,2016,DRY,3,28,34,3,Gulf Toadfish,Opsanus beta,0,0,28.2,17.99,57
3/29/2016,89,2016,2016,DRY,3,29,24,3,Gulf Toadfish,Opsanus beta,0,0,29.2,8.06,63
3/29/2016,89,2016,2016,DRY,3,29,25,3,Gulf Toadfish,Opsanus beta,0,0,29.5,10.56,61
3/29/2016,89,2016,2016,DRY,3,29,26,3,Gulf Toadfish,Opsanus beta,0,0,29.9,15.89,83
3/29/2016,89,2016,2016,DRY,3,29,27,3,Gulf Toadfish,Opsanus beta,0,0,28.6,15.19,30
4/5/2016,96,2016,2016,DRY,4,5,14,3,Gulf Toadfish,Opsanus beta,0,0,27.2,16.97,60
4/5/2016,96,2016,2016,DRY,4,5,15,3,Gulf Toadfish,Opsanus beta,1,1,25.3,16.39,67
4/5/2016,96,2016,2016,DRY,4,5,16,3,Gulf Toadfish,Opsanus beta,0,0,26.1,18.57,64
4/5/2016,96,2016,2016,DRY,4,5,17,3,Gulf Toadfish,Opsanus beta,0,0,25.9,18.74,75
4/5/2016,96,2016,2016,DRY,4,5,18,3,Gulf Toadfish,Opsanus beta,0,0,26.1,13.54,63
4/5/2016,96,2016,2016,DRY,4,5,19,3,Gulf Toadfish,Opsanus beta,1,1,26,15.42,80
4/5/2016,96,2016,2016,DRY,4,5,20,3,Gulf Toadfish,Opsanus beta,1,1,24.6,12.71,96
4/5/2016,96,2016,2016,DRY,4,5,21,3,Gulf Toadfish,Opsanus beta,0,0,25.9,13.2,85
4/5/2016,96,2016,2016,DRY,4,5,22,3,Gulf Toadfish,Opsanus beta,0,0,25.7,13.21,92
4/5/2016,96,2016,2016,DRY,4,5,23,3,Gulf Toadfish,Opsanus beta,0,0,25.8,11.92,80
4/7/2016,98,2016,2016,DRY,4,7,10,3,Gulf Toadfish,Opsanus beta,0,0,23.3,22.2,89
4/7/2016,98,2016,2016,DRY,4,7,11,3,Gulf Toadfish,Opsanus beta,1,1,23.9,22.86,83
4/7/2016,98,2016,2016,DRY,4,7,12,3,Gulf Toadfish,Opsanus beta,0,0,22.9,21.48,128
4/7/2016,98,2016,2016,DRY,4,7,13,3,Gulf Toadfish,Opsanus beta,1,1,22.5,20.49,117
4/7/2016,98,2016,2016,DRY,4,7,7,3,Gulf Toadfish,Opsanus beta,0,0,26.1,24.55,38
4/7/2016,98,2016,2016,DRY,4,7,8,3,Gulf Toadfish,Opsanus beta,0,0,24.8,23.45,49
4/7/2016,98,2016,2016,DRY,4,7,9,3,Gulf Toadfish,Opsanus beta,0,0,24.5,22.95,60
4/8/2016,99,2016,2016,DRY,4,8,1,3,Gulf Toadfish,Opsanus beta,1,1,25.5,25.18,95
4/8/2016,99,2016,2016,DRY,4,8,2,3,Gulf Toadfish,Opsanus beta,0,0,25.3,25.54,120
4/8/2016,99,2016,2016,DRY,4,8,3,3,Gulf Toadfish,Opsanus beta,0,0,25.1,25.43,102
4/8/2016,99,2016,2016,DRY,4,8,4,3,Gulf Toadfish,Opsanus beta,0,0,24.6,25.29,96
4/8/2016,99,2016,2016,DRY,4,8,5,3,Gulf Toadfish,Opsanus beta,1,1,24.7,25.01,95
4/8/2016,99,2016,2016,DRY,4,8,6,3,Gulf Toadfish,Opsanus beta,0,0,24.7,23.64,68
9/1/2016,245,2016,2017,WET,9,1,40,3,Gulf Toadfish,Opsanus beta,0,0,30.1,14.17,75
9/1/2016,245,2016,2017,WET,9,1,41,3,Gulf Toadfish,Opsanus beta,0,0,30.4,13.73,90
9/1/2016,245,2016,2017,WET,9,1,42,3,Gulf Toadfish,Opsanus beta,0,0,29.5,13.46,75
9/1/2016,245,2016,2017,WET,9,1,43,3,Gulf Toadfish,Opsanus beta,0,0,29,13.49,105
9/1/2016,245,2016,2017,WET,9,1,44,3,Gulf Toadfish,Opsanus beta,0,0,28.8,12.6,85
9/1/2016,245,2016,2017,WET,9,1,45,3,Gulf Toadfish,Opsanus beta,0,0,28.5,12.27,110
9/1/2016,245,2016,2017,WET,9,1,46,3,Gulf Toadfish,Opsanus beta,0,0,28.5,11.42,90
9/1/2016,245,2016,2017,WET,9,1,47,3,Gulf Toadfish,Opsanus beta,0,0,28,11.06,110
9/14/2016,258,2016,2017,WET,9,14,24,3,Gulf Toadfish,Opsanus beta,0,0,31.7,8.36,55
9/14/2016,258,2016,2017,WET,9,14,25,3,Gulf Toadfish,Opsanus beta,0,0,30.6,8.37,55
9/14/2016,258,2016,2017,WET,9,14,26,3,Gulf Toadfish,Opsanus beta,0,0,31.5,11.69,60
9/14/2016,258,2016,2017,WET,9,14,27,3,Gulf Toadfish,Opsanus beta,0,0,30.5,11.26,65
9/14/2016,258,2016,2017,WET,9,14,28,3,Gulf Toadfish,Opsanus beta,0,0,29.9,9.29,85
9/14/2016,258,2016,2017,WET,9,14,29,3,Gulf Toadfish,Opsanus beta,0,0,29.2,8.88,80
9/14/2016,258,2016,2017,WET,9,14,30,3,Gulf Toadfish,Opsanus beta,0,0,29.6,12.25,100
9/14/2016,258,2016,2017,WET,9,14,31,3,Gulf Toadfish,Opsanus beta,0,0,29.4,10.95,95
9/14/2016,258,2016,2017,WET,9,14,32,3,Gulf Toadfish,Opsanus beta,0,0,29.6,11.27,100
9/14/2016,258,2016,2017,WET,9,14,33,3,Gulf Toadfish,Opsanus beta,0,0,29.1,12.11,105
9/15/2016,259,2016,2017,WET,9,15,14,3,Gulf Toadfish,Opsanus beta,0,0,31.5,12.3,70
9/15/2016,259,2016,2017,WET,9,15,15,3,Gulf Toadfish,Opsanus beta,0,0,30.4,11.37,80
9/15/2016,259,2016,2017,WET,9,15,16,3,Gulf Toadfish,Opsanus beta,0,0,31.3,11.85,60
9/15/2016,259,2016,2017,WET,9,15,17,3,Gulf Toadfish,Opsanus beta,0,0,31,11.66,80
9/15/2016,259,2016,2017,WET,9,15,18,3,Gulf Toadfish,Opsanus beta,0,0,32.1,4.78,55
9/15/2016,259,2016,2017,WET,9,15,19,3,Gulf Toadfish,Opsanus beta,0,0,31.7,6.11,55
9/15/2016,259,2016,2017,WET,9,15,20,3,Gulf Toadfish,Opsanus beta,0,0,28.8,5.69,100
9/15/2016,259,2016,2017,WET,9,15,21,3,Gulf Toadfish,Opsanus beta,0,0,29,7.15,80
9/15/2016,259,2016,2017,WET,9,15,22,3,Gulf Toadfish,Opsanus beta,0,0,30.4,8.87,100
9/15/2016,259,2016,2017,WET,9,15,23,3,Gulf Toadfish,Opsanus beta,0,0,30.2,9.66,95
9/16/2016,260,2016,2017,WET,9,16,10,3,Gulf Toadfish,Opsanus beta,0,0,31.2,13.26,90
9/16/2016,260,2016,2017,WET,9,16,11,3,Gulf Toadfish,Opsanus beta,0,0,31,13.21,75
9/16/2016,260,2016,2017,WET,9,16,12,3,Gulf Toadfish,Opsanus beta,0,0,29.3,12.35,95
9/16/2016,260,2016,2017,WET,9,16,13,3,Gulf Toadfish,Opsanus beta,0,0,30.4,12.6,80
9/16/2016,260,2016,2017,WET,9,16,7,3,Gulf Toadfish,Opsanus beta,0,0,32.1,15.35,65
9/16/2016,260,2016,2017,WET,9,16,8,3,Gulf Toadfish,Opsanus beta,0,0,31.9,15.02,45
9/16/2016,260,2016,2017,WET,9,16,9,3,Gulf Toadfish,Opsanus beta,0,0,31.4,13.48,70
9/17/2016,261,2016,2017,WET,9,17,1,3,Gulf Toadfish,Opsanus beta,0,0,31.8,17.37,100
9/17/2016,261,2016,2017,WET,9,17,2,3,Gulf Toadfish,Opsanus beta,0,0,31.5,15.83,110
9/17/2016,261,2016,2017,WET,9,17,3,3,Gulf Toadfish,Opsanus beta,0,0,32.4,16.6,110
9/17/2016,261,2016,2017,WET,9,17,4,3,Gulf Toadfish,Opsanus beta,0,0,31.9,16.64,80
9/17/2016,261,2016,2017,WET,9,17,5,3,Gulf Toadfish,Opsanus beta,0,0,31.8,16.37,90
9/17/2016,261,2016,2017,WET,9,17,6,3,Gulf Toadfish,Opsanus beta,0,0,31.5,15.23,70
9/2/2016,246,2016,2017,WET,9,2,34,3,Gulf Toadfish,Opsanus beta,0,0,29.4,14.17,90
9/2/2016,246,2016,2017,WET,9,2,35,3,Gulf Toadfish,Opsanus beta,0,0,29.3,13.68,85
9/2/2016,246,2016,2017,WET,9,2,36,3,Gulf Toadfish,Opsanus beta,0,0,29,13.73,90
9/2/2016,246,2016,2017,WET,9,2,37,3,Gulf Toadfish,Opsanus beta,0,0,28.8,13.51,90
9/2/2016,246,2016,2017,WET,9,2,38,3,Gulf Toadfish,Opsanus beta,0,0,28.8,13.46,75
9/2/2016,246,2016,2017,WET,9,2,39,3,Gulf Toadfish,Opsanus beta,0,0,29.5,16.31,84
10/10/2017,283,2017,2018,WET,10,10,12,3,Gulf Toadfish,Opsanus beta,1,1,29.1,14.21,136
10/10/2017,283,2017,2018,WET,10,10,13,3,Gulf Toadfish,Opsanus beta,1,1,28.8,14.53,117
10/10/2017,283,2017,2018,WET,10,10,14,3,Gulf Toadfish,Opsanus beta,1,1,28.6,14.23,93
10/10/2017,283,2017,2018,WET,10,10,15,3,Gulf Toadfish,Opsanus beta,0,0,28.1,13.26,95
10/10/2017,283,2017,2018,WET,10,10,16,3,Gulf Toadfish,Opsanus beta,0,0,28.3,9.58,64
10/10/2017,283,2017,2018,WET,10,10,17,3,Gulf Toadfish,Opsanus beta,0,0,28.1,8.37,73
10/11/2017,284,2017,2018,WET,10,11,1,3,Gulf Toadfish,Opsanus beta,0,0,29,15.18,111
10/11/2017,284,2017,2018,WET,10,11,10,3,Gulf Toadfish,Opsanus beta,0,0,27.4,11.29,58
10/11/2017,284,2017,2018,WET,10,11,11,3,Gulf Toadfish,Opsanus beta,1,2,26.6,11.31,48
10/11/2017,284,2017,2018,WET,10,11,2,3,Gulf Toadfish,Opsanus beta,0,0,29.6,18.05,110
10/11/2017,284,2017,2018,WET,10,11,3,3,Gulf Toadfish,Opsanus beta,0,0,28.7,18.27,93
10/11/2017,284,2017,2018,WET,10,11,7,3,Gulf Toadfish,Opsanus beta,0,0,28.5,5.03,97
10/11/2017,284,2017,2018,WET,10,11,8,3,Gulf Toadfish,Opsanus beta,0,0,28.1,10.03,53
10/11/2017,284,2017,2018,WET,10,11,9,3,Gulf Toadfish,Opsanus beta,1,1,27.9,10.76,65
10/13/2017,286,2017,2018,WET,10,13,4,3,Gulf Toadfish,Opsanus beta,0,0,29.5,11.78,145
10/13/2017,286,2017,2018,WET,10,13,5,3,Gulf Toadfish,Opsanus beta,0,0,30.4,2.18,112
10/13/2017,286,2017,2018,WET,10,13,6,3,Gulf Toadfish,Opsanus beta,0,0,28.7,0.5,75
10/2/2017,275,2017,2018,WET,10,2,43,3,Gulf Toadfish,Opsanus beta,1,2,28.7,20.11,93
10/2/2017,275,2017,2018,WET,10,2,44,3,Gulf Toadfish,Opsanus beta,1,18,28.7,21.3,80
10/2/2017,275,2017,2018,WET,10,2,45,3,Gulf Toadfish,Opsanus beta,1,2,28.6,23.7,114
10/2/2017,275,2017,2018,WET,10,2,46,3,Gulf Toadfish,Opsanus beta,1,1,28.5,23.63,107
10/2/2017,275,2017,2018,WET,10,2,47,3,Gulf Toadfish,Opsanus beta,1,2,28.4,23.59,165
10/6/2017,279,2017,2018,WET,10,6,38,3,Gulf Toadfish,Opsanus beta,0,0,27.1,4.38,120
10/6/2017,279,2017,2018,WET,10,6,39,3,Gulf Toadfish,Opsanus beta,0,0,27.1,5.26,140
10/6/2017,279,2017,2018,WET,10,6,40,3,Gulf Toadfish,Opsanus beta,1,1,26.6,9.67,132
10/6/2017,279,2017,2018,WET,10,6,41,3,Gulf Toadfish,Opsanus beta,1,3,26.5,10.56,123
10/6/2017,279,2017,2018,WET,10,6,42,3,Gulf Toadfish,Opsanus beta,0,0,26.5,12.91,103
10/7/2017,280,2017,2018,WET,10,7,30,3,Gulf Toadfish,Opsanus beta,1,1,28.9,8.38,114
10/7/2017,280,2017,2018,WET,10,7,31,3,Gulf Toadfish,Opsanus beta,0,0,28.7,6.29,123
10/7/2017,280,2017,2018,WET,10,7,32,3,Gulf Toadfish,Opsanus beta,0,0,28.3,7.41,144
10/7/2017,280,2017,2018,WET,10,7,33,3,Gulf Toadfish,Opsanus beta,1,1,28,8.19,147
10/7/2017,280,2017,2018,WET,10,7,34,3,Gulf Toadfish,Opsanus beta,0,0,27.6,8.86,138
10/7/2017,280,2017,2018,WET,10,7,35,3,Gulf Toadfish,Opsanus beta,0,0,27.3,7.7,116
10/7/2017,280,2017,2018,WET,10,7,36,3,Gulf Toadfish,Opsanus beta,0,0,27.1,7.62,98
10/7/2017,280,2017,2018,WET,10,7,37,3,Gulf Toadfish,Opsanus beta,0,0,27,8.01,90
10/8/2017,281,2017,2018,WET,10,8,18,3,Gulf Toadfish,Opsanus beta,0,0,30,1.06,76
10/8/2017,281,2017,2018,WET,10,8,19,3,Gulf Toadfish,Opsanus beta,0,0,29.9,2.1,93
10/8/2017,281,2017,2018,WET,10,8,20,3,Gulf Toadfish,Opsanus beta,0,0,29.8,2.62,112
10/8/2017,281,2017,2018,WET,10,8,21,3,Gulf Toadfish,Opsanus beta,0,0,29.9,3.63,103
10/8/2017,281,2017,2018,WET,10,8,22,3,Gulf Toadfish,Opsanus beta,0,0,29.6,3.99,130
10/8/2017,281,2017,2018,WET,10,8,23,3,Gulf Toadfish,Opsanus beta,0,0,29.3,4.29,120
10/8/2017,281,2017,2018,WET,10,8,24,3,Gulf Toadfish,Opsanus beta,0,0,29,4.16,105
10/8/2017,281,2017,2018,WET,10,8,25,3,Gulf Toadfish,Opsanus beta,0,0,28.8,4.63,111
10/8/2017,281,2017,2018,WET,10,8,26,3,Gulf Toadfish,Opsanus beta,1,1,28.7,5.25,102
10/8/2017,281,2017,2018,WET,10,8,27,3,Gulf Toadfish,Opsanus beta,1,1,28.5,6.3,95
10/8/2017,281,2017,2018,WET,10,8,28,3,Gulf Toadfish,Opsanus beta,0,0,28.6,9.16,118
10/8/2017,281,2017,2018,WET,10,8,29,3,Gulf Toadfish,Opsanus beta,1,2,28.1,9.8,84
3/10/2017,69,2017,2017,DRY,3,10,41,3,Gulf Toadfish,Opsanus beta,0,0,26.6,24.47,54
3/10/2017,69,2017,2017,DRY,3,10,42,3,Gulf Toadfish,Opsanus beta,0,0,24.9,22.69,73
3/10/2017,69,2017,2017,DRY,3,10,43,3,Gulf Toadfish,Opsanus beta,0,0,24.5,21.37,65
3/10/2017,69,2017,2017,DRY,3,10,44,3,Gulf Toadfish,Opsanus beta,1,1,24.1,21.14,65
3/10/2017,69,2017,2017,DRY,3,10,45,3,Gulf Toadfish,Opsanus beta,1,1,23.2,19.87,80
3/10/2017,69,2017,2017,DRY,3,10,46,3,Gulf Toadfish,Opsanus beta,0,0,22.8,18.78,74
3/10/2017,69,2017,2017,DRY,3,10,47,3,Gulf Toadfish,Opsanus beta,0,0,23.1,17.49,90
3/11/2017,70,2017,2017,DRY,3,11,31,3,Gulf Toadfish,Opsanus beta,0,0,25.7,23.44,80
3/11/2017,70,2017,2017,DRY,3,11,32,3,Gulf Toadfish,Opsanus beta,0,0,26.2,23.44,75
3/11/2017,70,2017,2017,DRY,3,11,33,3,Gulf Toadfish,Opsanus beta,0,0,26.1,23.05,79
3/11/2017,70,2017,2017,DRY,3,11,34,3,Gulf Toadfish,Opsanus beta,0,0,25,22.04,95
3/11/2017,70,2017,2017,DRY,3,11,35,3,Gulf Toadfish,Opsanus beta,0,0,25,21.22,97
3/11/2017,70,2017,2017,DRY,3,11,36,3,Gulf Toadfish,Opsanus beta,0,0,24.6,20.41,87
3/11/2017,70,2017,2017,DRY,3,11,37,3,Gulf Toadfish,Opsanus beta,0,0,24.7,21.28,83
3/11/2017,70,2017,2017,DRY,3,11,38,3,Gulf Toadfish,Opsanus beta,0,0,24.9,21.3,90
3/11/2017,70,2017,2017,DRY,3,11,39,3,Gulf Toadfish,Opsanus beta,0,0,23.2,20.81,75
3/11/2017,70,2017,2017,DRY,3,11,40,3,Gulf Toadfish,Opsanus beta,1,2,24.1,19.82,70
3/12/2017,71,2017,2017,DRY,3,12,19,3,Gulf Toadfish,Opsanus beta,0,0,24.6,23.7,65
3/12/2017,71,2017,2017,DRY,3,12,20,3,Gulf Toadfish,Opsanus beta,0,0,24.7,22.74,95
3/12/2017,71,2017,2017,DRY,3,12,22,3,Gulf Toadfish,Opsanus beta,0,0,24.2,21.02,100
3/12/2017,71,2017,2017,DRY,3,12,23,3,Gulf Toadfish,Opsanus beta,0,0,24.2,21.5,90
3/12/2017,71,2017,2017,DRY,3,12,24,3,Gulf Toadfish,Opsanus beta,0,0,24.2,21.1,100
3/12/2017,71,2017,2017,DRY,3,12,25,3,Gulf Toadfish,Opsanus beta,1,1,24.2,20.45,90
3/12/2017,71,2017,2017,DRY,3,12,26,3,Gulf Toadfish,Opsanus beta,0,0,24.4,21.73,85
3/12/2017,71,2017,2017,DRY,3,12,27,3,Gulf Toadfish,Opsanus beta,0,0,24.2,21.68,75
3/12/2017,71,2017,2017,DRY,3,12,29,3,Gulf Toadfish,Opsanus beta,0,0,23.1,20.28,77
3/13/2017,72,2017,2017,DRY,3,13,10,3,Gulf Toadfish,Opsanus beta,1,3,24.8,32.44,88
3/13/2017,72,2017,2017,DRY,3,13,11,3,Gulf Toadfish,Opsanus beta,0,0,24.8,32.12,85
3/13/2017,72,2017,2017,DRY,3,13,12,3,Gulf Toadfish,Opsanus beta,0,0,24.8,31.58,130
3/13/2017,72,2017,2017,DRY,3,13,13,3,Gulf Toadfish,Opsanus beta,1,1,24.6,30.6,100
3/13/2017,72,2017,2017,DRY,3,13,14,3,Gulf Toadfish,Opsanus beta,0,0,24.2,28.98,98
3/13/2017,72,2017,2017,DRY,3,13,15,3,Gulf Toadfish,Opsanus beta,0,0,23.9,27.29,115
3/13/2017,72,2017,2017,DRY,3,13,16,3,Gulf Toadfish,Opsanus beta,0,0,24,26.074,75
3/13/2017,72,2017,2017,DRY,3,13,17,3,Gulf Toadfish,Opsanus beta,1,2,23.8,21.98,78
3/13/2017,72,2017,2017,DRY,3,13,9,3,Gulf Toadfish,Opsanus beta,0,0,26,33.48,70
3/14/2017,73,2017,2017,DRY,3,14,1,3,Gulf Toadfish,Opsanus beta,0,0,25.8,33.2,80
3/14/2017,73,2017,2017,DRY,3,14,2,3,Gulf Toadfish,Opsanus beta,0,0,25.8,32.09,105
3/14/2017,73,2017,2017,DRY,3,14,3,3,Gulf Toadfish,Opsanus beta,0,0,25.8,33.01,85
3/14/2017,73,2017,2017,DRY,3,14,4,3,Gulf Toadfish,Opsanus beta,0,0,25.2,32.62,80
3/14/2017,73,2017,2017,DRY,3,14,5,3,Gulf Toadfish,Opsanus beta,0,0,25.6,32.16,95
3/14/2017,73,2017,2017,DRY,3,14,6,3,Gulf Toadfish,Opsanus beta,0,0,24.8,30.1,80
3/14/2017,73,2017,2017,DRY,3,14,7,3,Gulf Toadfish,Opsanus beta,1,1,25,30.402,70
3/14/2017,73,2017,2017,DRY,3,14,8,3,Gulf Toadfish,Opsanus beta,0,0,23.6,25.7,48
2/26/2018,57,2018,2018,DRY,2,26,41,3,Gulf Toadfish,Opsanus beta,0,0,25.8,25.37,43
2/26/2018,57,2018,2018,DRY,2,26,42,3,Gulf Toadfish,Opsanus beta,0,0,24.5,29.26,53
2/26/2018,57,2018,2018,DRY,2,26,47,3,Gulf Toadfish,Opsanus beta,1,1,24.1,32.12,65
2/27/2018,58,2018,2018,DRY,2,27,38,3,Gulf Toadfish,Opsanus beta,0,0,28.5,27.46,55
2/27/2018,58,2018,2018,DRY,2,27,39,3,Gulf Toadfish,Opsanus beta,0,0,27.3,28.7,90
2/27/2018,58,2018,2018,DRY,2,27,40,3,Gulf Toadfish,Opsanus beta,1,3,27.1,32.13,81
2/27/2018,58,2018,2018,DRY,2,27,43,3,Gulf Toadfish,Opsanus beta,1,1,25.6,32.65,80
2/27/2018,58,2018,2018,DRY,2,27,44,3,Gulf Toadfish,Opsanus beta,1,3,25.7,33.58,65
2/27/2018,58,2018,2018,DRY,2,27,45,3,Gulf Toadfish,Opsanus beta,0,0,24.2,32.4,75
2/27/2018,58,2018,2018,DRY,2,27,46,3,Gulf Toadfish,Opsanus beta,0,0,24.7,33.36,45
2/28/2018,59,2018,2018,DRY,2,28,28,3,Gulf Toadfish,Opsanus beta,0,0,26.7,14.86,57
2/28/2018,59,2018,2018,DRY,2,28,29,3,Gulf Toadfish,Opsanus beta,0,0,26.2,15.12,71
2/28/2018,59,2018,2018,DRY,2,28,30,3,Gulf Toadfish,Opsanus beta,0,0,25.8,15.33,76
2/28/2018,59,2018,2018,DRY,2,28,31,3,Gulf Toadfish,Opsanus beta,0,0,25.4,16.24,80
2/28/2018,59,2018,2018,DRY,2,28,32,3,Gulf Toadfish,Opsanus beta,0,0,24.8,17.55,96
2/28/2018,59,2018,2018,DRY,2,28,33,3,Gulf Toadfish,Opsanus beta,0,0,25.4,20.16,95
2/28/2018,59,2018,2018,DRY,2,28,34,3,Gulf Toadfish,Opsanus beta,0,0,25.7,20.07,106
2/28/2018,59,2018,2018,DRY,2,28,35,3,Gulf Toadfish,Opsanus beta,0,0,24.9,20.4,101
2/28/2018,59,2018,2018,DRY,2,28,36,3,Gulf Toadfish,Opsanus beta,0,0,24.6,20.77,98
2/28/2018,59,2018,2018,DRY,2,28,37,3,Gulf Toadfish,Opsanus beta,0,0,24.8,21.77,76
3/1/2018,60,2018,2018,DRY,3,1,18,3,Gulf Toadfish,Opsanus beta,1,4,25.8,15.67,57
3/1/2018,60,2018,2018,DRY,3,1,19,3,Gulf Toadfish,Opsanus beta,1,1,26.1,13.48,76
3/1/2018,60,2018,2018,DRY,3,1,20,3,Gulf Toadfish,Opsanus beta,0,0,25.5,16.56,103
3/1/2018,60,2018,2018,DRY,3,1,21,3,Gulf Toadfish,Opsanus beta,0,0,25.7,13.05,91
3/1/2018,60,2018,2018,DRY,3,1,22,3,Gulf Toadfish,Opsanus beta,0,0,25.2,12.98,102
3/1/2018,60,2018,2018,DRY,3,1,23,3,Gulf Toadfish,Opsanus beta,0,0,24.8,11.69,102
3/1/2018,60,2018,2018,DRY,3,1,24,3,Gulf Toadfish,Opsanus beta,0,0,24.5,11.76,103
3/1/2018,60,2018,2018,DRY,3,1,25,3,Gulf Toadfish,Opsanus beta,0,0,24,11.36,83
3/1/2018,60,2018,2018,DRY,3,1,26,3,Gulf Toadfish,Opsanus beta,0,0,24.6,15.49,84
3/1/2018,60,2018,2018,DRY,3,1,27,3,Gulf Toadfish,Opsanus beta,0,0,24.3,15.14,64
3/2/2018,61,2018,2018,DRY,3,2,10,3,Gulf Toadfish,Opsanus beta,0,0,25.8,29.13,73
3/2/2018,61,2018,2018,DRY,3,2,11,3,Gulf Toadfish,Opsanus beta,0,0,25.8,28.95,74
3/2/2018,61,2018,2018,DRY,3,2,12,3,Gulf Toadfish,Opsanus beta,0,0,25.3,28.33,110
3/2/2018,61,2018,2018,DRY,3,2,13,3,Gulf Toadfish,Opsanus beta,0,0,25,27.94,90
3/2/2018,61,2018,2018,DRY,3,2,14,3,Gulf Toadfish,Opsanus beta,0,0,24.7,26.36,106
3/2/2018,61,2018,2018,DRY,3,2,15,3,Gulf Toadfish,Opsanus beta,0,0,24.8,25.2,98
3/2/2018,61,2018,2018,DRY,3,2,16,3,Gulf Toadfish,Opsanus beta,0,0,24.6,22.6,91
3/2/2018,61,2018,2018,DRY,3,2,17,3,Gulf Toadfish,Opsanus beta,0,0,24.7,21.29,70
3/2/2018,61,2018,2018,DRY,3,2,9,3,Gulf Toadfish,Opsanus beta,0,0,26.9,29.05,53
3/3/2018,62,2018,2018,DRY,3,3,1,3,Gulf Toadfish,Opsanus beta,0,0,26,30.88,71
3/3/2018,62,2018,2018,DRY,3,3,2,3,Gulf Toadfish,Opsanus beta,0,0,24.5,29.77,90
3/3/2018,62,2018,2018,DRY,3,3,3,3,Gulf Toadfish,Opsanus beta,0,0,25.5,30.66,79
3/3/2018,62,2018,2018,DRY,3,3,4,3,Gulf Toadfish,Opsanus beta,0,0,24.8,30.67,100
3/3/2018,62,2018,2018,DRY,3,3,5,3,Gulf Toadfish,Opsanus beta,0,0,25.1,30.31,105
3/3/2018,62,2018,2018,DRY,3,3,6,3,Gulf Toadfish,Opsanus beta,0,0,24.2,29.94,90
3/3/2018,62,2018,2018,DRY,3,3,7,3,Gulf Toadfish,Opsanus beta,0,0,23.4,29.36,85
3/3/2018,62,2018,2018,DRY,3,3,8,3,Gulf Toadfish,Opsanus beta,0,0,22.5,29.39,68
9/10/2018,253,2018,2019,WET,9,10,10,3,Gulf Toadfish,Opsanus beta,1,1,27.9,14.69,86
9/10/2018,253,2018,2019,WET,9,10,11,3,Gulf Toadfish,Opsanus beta,0,0,28.2,14.99,88
9/10/2018,253,2018,2019,WET,9,10,12,3,Gulf Toadfish,Opsanus beta,0,0,28.2,13.72,136
9/10/2018,253,2018,2019,WET,9,10,13,3,Gulf Toadfish,Opsanus beta,0,0,28.1,13.63,152
9/10/2018,253,2018,2019,WET,9,10,14,3,Gulf Toadfish,Opsanus beta,0,0,27.7,12.72,126
9/10/2018,253,2018,2019,WET,9,10,15,3,Gulf Toadfish,Opsanus beta,0,0,28,13.96,102
9/10/2018,253,2018,2019,WET,9,10,16,3,Gulf Toadfish,Opsanus beta,0,0,28.2,14.18,105
9/10/2018,253,2018,2019,WET,9,10,17,3,Gulf Toadfish,Opsanus beta,0,0,28.3,15.27,115
9/10/2018,253,2018,2019,WET,9,10,9,3,Gulf Toadfish,Opsanus beta,0,0,28.7,16.17,66
9/11/2018,254,2018,2019,WET,9,11,1,3,Gulf Toadfish,Opsanus beta,0,0,29.8,22.7,94
9/11/2018,254,2018,2019,WET,9,11,2,3,Gulf Toadfish,Opsanus beta,0,0,29.3,20.59,102
9/11/2018,254,2018,2019,WET,9,11,3,3,Gulf Toadfish,Opsanus beta,0,0,30,22.93,87
9/11/2018,254,2018,2019,WET,9,11,4,3,Gulf Toadfish,Opsanus beta,0,0,29.7,22.96,100
9/11/2018,254,2018,2019,WET,9,11,5,3,Gulf Toadfish,Opsanus beta,0,0,29.7,21.98,107
9/11/2018,254,2018,2019,WET,9,11,6,3,Gulf Toadfish,Opsanus beta,0,0,29.5,21,92
9/11/2018,254,2018,2019,WET,9,11,7,3,Gulf Toadfish,Opsanus beta,0,0,28.2,20.42,89
9/11/2018,254,2018,2019,WET,9,11,8,3,Gulf Toadfish,Opsanus beta,0,0,27.5,15.47,65
9/6/2018,249,2018,2019,WET,9,6,36,3,Gulf Toadfish,Opsanus beta,1,5,30.1,2.79,63
9/6/2018,249,2018,2019,WET,9,6,38,3,Gulf Toadfish,Opsanus beta,0,0,28.6,1.48,73
9/6/2018,249,2018,2019,WET,9,6,39,3,Gulf Toadfish,Opsanus beta,0,0,28.1,1.36,91
9/6/2018,249,2018,2019,WET,9,6,40,3,Gulf Toadfish,Opsanus beta,1,1,28,3.96,88
9/6/2018,249,2018,2019,WET,9,6,41,3,Gulf Toadfish,Opsanus beta,1,4,27.8,4.24,82
9/6/2018,249,2018,2019,WET,9,6,42,3,Gulf Toadfish,Opsanus beta,0,0,27.7,5.02,127
9/6/2018,249,2018,2019,WET,9,6,43,3,Gulf Toadfish,Opsanus beta,1,2,28,6.63,97
9/6/2018,249,2018,2019,WET,9,6,44,3,Gulf Toadfish,Opsanus beta,1,1,27.6,6.9,90
9/6/2018,249,2018,2019,WET,9,6,45,3,Gulf Toadfish,Opsanus beta,1,1,27.9,8.16,123
9/6/2018,249,2018,2019,WET,9,6,46,3,Gulf Toadfish,Opsanus beta,0,0,28,8.57,105
9/6/2018,249,2018,2019,WET,9,6,47,3,Gulf Toadfish,Opsanus beta,0,0,31,16.48,61
9/7/2018,250,2018,2019,WET,9,7,26,3,Gulf Toadfish,Opsanus beta,0,0,29.5,2.84,75
9/7/2018,250,2018,2019,WET,9,7,27,3,Gulf Toadfish,Opsanus beta,0,0,29.8,2.61,52
9/7/2018,250,2018,2019,WET,9,7,28,3,Gulf Toadfish,Opsanus beta,0,0,29.2,2.74,93
9/7/2018,250,2018,2019,WET,9,7,29,3,Gulf Toadfish,Opsanus beta,0,0,28.5,2.89,73
9/7/2018,250,2018,2019,WET,9,7,30,3,Gulf Toadfish,Opsanus beta,0,0,28.6,3.76,57
9/7/2018,250,2018,2019,WET,9,7,31,3,Gulf Toadfish,Opsanus beta,0,0,28.4,3.34,92
9/7/2018,250,2018,2019,WET,9,7,32,3,Gulf Toadfish,Opsanus beta,0,0,28,2.26,107
9/7/2018,250,2018,2019,WET,9,7,33,3,Gulf Toadfish,Opsanus beta,0,0,29.2,4.06,120
9/7/2018,250,2018,2019,WET,9,7,34,3,Gulf Toadfish,Opsanus beta,1,1,29,3.98,128
9/7/2018,250,2018,2019,WET,9,7,35,3,Gulf Toadfish,Opsanus beta,0,0,28.3,3.14,108
9/7/2018,250,2018,2019,WET,9,7,37,3,Gulf Toadfish,Opsanus beta,0,0,28.6,3.58,103
9/8/2018,251,2018,2019,WET,9,8,18,3,Gulf Toadfish,Opsanus beta,0,0,28,3.26,83
9/8/2018,251,2018,2019,WET,9,8,19,3,Gulf Toadfish,Opsanus beta,0,0,28.7,3.2,98
9/8/2018,251,2018,2019,WET,9,8,20,3,Gulf Toadfish,Opsanus beta,0,0,29,5.26,125
9/8/2018,251,2018,2019,WET,9,8,21,3,Gulf Toadfish,Opsanus beta,0,0,27.8,4.04,111
9/8/2018,251,2018,2019,WET,9,8,22,3,Gulf Toadfish,Opsanus beta,0,0,28.2,4.15,116
9/8/2018,251,2018,2019,WET,9,8,23,3,Gulf Toadfish,Opsanus beta,0,0,28.3,4.04,108
9/8/2018,251,2018,2019,WET,9,8,24,3,Gulf Toadfish,Opsanus beta,0,0,27.7,3.11,105
9/8/2018,251,2018,2019,WET,9,8,25,3,Gulf Toadfish,Opsanus beta,0,0,26.7,1.59,88
3/11/2019,70,2019,2019,DRY,3,11,10,3,Gulf Toadfish,Opsanus beta,0,0,26.3,30.98,95
3/11/2019,70,2019,2019,DRY,3,11,11,3,Gulf Toadfish,Opsanus beta,0,0,25.9,30.97,75
3/11/2019,70,2019,2019,DRY,3,11,6,3,Gulf Toadfish,Opsanus beta,0,0,27.7,24.45,66
3/11/2019,70,2019,2019,DRY,3,11,7,3,Gulf Toadfish,Opsanus beta,1,2,27.3,29.99,75
3/11/2019,70,2019,2019,DRY,3,11,8,3,Gulf Toadfish,Opsanus beta,0,0,26.8,30.99,70
3/11/2019,70,2019,2019,DRY,3,11,9,3,Gulf Toadfish,Opsanus beta,0,0,26.4,31.02,83
3/12/2019,71,2019,2019,DRY,3,12,1,3,Gulf Toadfish,Opsanus beta,0,0,26.9,32.29,95
3/12/2019,71,2019,2019,DRY,3,12,2,3,Gulf Toadfish,Opsanus beta,0,0,27.8,30.1,95
3/12/2019,71,2019,2019,DRY,3,12,3,3,Gulf Toadfish,Opsanus beta,0,0,27.3,31.35,62
3/12/2019,71,2019,2019,DRY,3,12,4,3,Gulf Toadfish,Opsanus beta,0,0,26.4,31.93,63
3/12/2019,71,2019,2019,DRY,3,12,5,3,Gulf Toadfish,Opsanus beta,0,0,26.8,30.77,55
3/3/2019,62,2019,2019,DRY,3,3,38,3,Gulf Toadfish,Opsanus beta,0,0,28,19.86,55
3/3/2019,62,2019,2019,DRY,3,3,39,3,Gulf Toadfish,Opsanus beta,0,0,28.8,28.03,75
3/3/2019,62,2019,2019,DRY,3,3,40,3,Gulf Toadfish,Opsanus beta,0,0,27.1,31.07,70
3/3/2019,62,2019,2019,DRY,3,3,41,3,Gulf Toadfish,Opsanus beta,1,4,26.9,30.78,70
3/3/2019,62,2019,2019,DRY,3,3,42,3,Gulf Toadfish,Opsanus beta,0,0,26.5,31.71,120
3/3/2019,62,2019,2019,DRY,3,3,43,3,Gulf Toadfish,Opsanus beta,1,2,25.6,31.84,73
3/3/2019,62,2019,2019,DRY,3,3,44,3,Gulf Toadfish,Opsanus beta,1,1,26.1,32.73,68
3/3/2019,62,2019,2019,DRY,3,3,45,3,Gulf Toadfish,Opsanus beta,1,1,25.8,33.44,90
3/3/2019,62,2019,2019,DRY,3,3,46,3,Gulf Toadfish,Opsanus beta,0,0,25.9,34.11,71
3/3/2019,62,2019,2019,DRY,3,3,47,3,Gulf Toadfish,Opsanus beta,1,2,25.8,34.98,110
3/4/2019,63,2019,2019,DRY,3,4,28,3,Gulf Toadfish,Opsanus beta,0,0,27.7,25.28,72
3/4/2019,63,2019,2019,DRY,3,4,29,3,Gulf Toadfish,Opsanus beta,1,1,26.8,25.23,78
3/4/2019,63,2019,2019,DRY,3,4,30,3,Gulf Toadfish,Opsanus beta,1,1,27.6,25.94,72
3/4/2019,63,2019,2019,DRY,3,4,31,3,Gulf Toadfish,Opsanus beta,0,0,26.5,24.71,70
3/4/2019,63,2019,2019,DRY,3,4,32,3,Gulf Toadfish,Opsanus beta,0,0,27.1,24.84,93
3/4/2019,63,2019,2019,DRY,3,4,33,3,Gulf Toadfish,Opsanus beta,0,0,27.8,27.96,105
3/4/2019,63,2019,2019,DRY,3,4,34,3,Gulf Toadfish,Opsanus beta,0,0,27.6,28.61,103
3/4/2019,63,2019,2019,DRY,3,4,35,3,Gulf Toadfish,Opsanus beta,0,0,28,30.34,90
3/4/2019,63,2019,2019,DRY,3,4,36,3,Gulf Toadfish,Opsanus beta,0,0,27.7,29.7,80
3/4/2019,63,2019,2019,DRY,3,4,37,3,Gulf Toadfish,Opsanus beta,1,1,27.5,30.59,69
3/5/2019,64,2019,2019,DRY,3,5,16,3,Gulf Toadfish,Opsanus beta,1,1,28.4,26.02,70
3/5/2019,64,2019,2019,DRY,3,5,17,3,Gulf Toadfish,Opsanus beta,1,1,28.6,25.82,65
3/5/2019,64,2019,2019,DRY,3,5,18,3,Gulf Toadfish,Opsanus beta,0,0,27.4,23.69,63
3/5/2019,64,2019,2019,DRY,3,5,19,3,Gulf Toadfish,Opsanus beta,0,0,27.4,24.79,69
3/5/2019,64,2019,2019,DRY,3,5,20,3,Gulf Toadfish,Opsanus beta,0,0,27.3,26.33,95
3/5/2019,64,2019,2019,DRY,3,5,21,3,Gulf Toadfish,Opsanus beta,0,0,27.3,26.58,94
3/5/2019,64,2019,2019,DRY,3,5,22,3,Gulf Toadfish,Opsanus beta,0,0,26.8,26.71,105
3/5/2019,64,2019,2019,DRY,3,5,23,3,Gulf Toadfish,Opsanus beta,0,0,26.3,26.76,95
3/5/2019,64,2019,2019,DRY,3,5,24,3,Gulf Toadfish,Opsanus beta,0,0,26.6,26.86,85
3/5/2019,64,2019,2019,DRY,3,5,25,3,Gulf Toadfish,Opsanus beta,0,0,26.6,27.17,75
3/5/2019,64,2019,2019,DRY,3,5,26,3,Gulf Toadfish,Opsanus beta,1,1,26,26.68,72
3/5/2019,64,2019,2019,DRY,3,5,27,3,Gulf Toadfish,Opsanus beta,1,3,26.2,26.44,58
3/8/2019,67,2019,2019,DRY,3,8,12,3,Gulf Toadfish,Opsanus beta,0,0,20.4,30.69,125
3/8/2019,67,2019,2019,DRY,3,8,13,3,Gulf Toadfish,Opsanus beta,0,0,20.2,30.65,95
3/8/2019,67,2019,2019,DRY,3,8,14,3,Gulf Toadfish,Opsanus beta,0,0,20,29.46,71
3/8/2019,67,2019,2019,DRY,3,8,15,3,Gulf Toadfish,Opsanus beta,1,1,20.3,27.59,93
9/11/2019,254,2019,2020,WET,9,11,39,3,Gulf Toadfish,Opsanus beta,0,0,29.3,27.05,95
9/11/2019,254,2019,2020,WET,9,11,40,3,Gulf Toadfish,Opsanus beta,1,4,29.5,30.54,90
9/11/2019,254,2019,2020,WET,9,11,41,3,Gulf Toadfish,Opsanus beta,1,1,28.8,31.04,85
9/11/2019,254,2019,2020,WET,9,11,43,3,Gulf Toadfish,Opsanus beta,1,3,28.6,31.66,98
9/11/2019,254,2019,2020,WET,9,11,44,3,Gulf Toadfish,Opsanus beta,1,4,28.7,31.66,90
9/11/2019,254,2019,2020,WET,9,11,45,3,Gulf Toadfish,Opsanus beta,1,2,28.3,32.78,100
9/11/2019,254,2019,2020,WET,9,11,46,3,Gulf Toadfish,Opsanus beta,0,0,28.1,32.78,95
9/11/2019,254,2019,2020,WET,9,11,47,3,Gulf Toadfish,Opsanus beta,1,2,28.3,32.76,115
9/12/2019,255,2019,2020,WET,9,12,31,3,Gulf Toadfish,Opsanus beta,0,0,29,21.8,75
9/12/2019,255,2019,2020,WET,9,12,32,3,Gulf Toadfish,Opsanus beta,0,0,28.7,21.95,95
9/12/2019,255,2019,2020,WET,9,12,33,3,Gulf Toadfish,Opsanus beta,1,1,28.6,22.38,118
9/12/2019,255,2019,2020,WET,9,12,34,3,Gulf Toadfish,Opsanus beta,1,2,28.1,22.29,103
9/12/2019,255,2019,2020,WET,9,12,35,3,Gulf Toadfish,Opsanus beta,0,0,28.2,22.12,100
9/12/2019,255,2019,2020,WET,9,12,36,3,Gulf Toadfish,Opsanus beta,0,0,28.1,22.13,115
9/12/2019,255,2019,2020,WET,9,12,37,3,Gulf Toadfish,Opsanus beta,0,0,27,22.16,110
9/12/2019,255,2019,2020,WET,9,12,38,3,Gulf Toadfish,Opsanus beta,0,0,27.5,23.39,115
9/12/2019,255,2019,2020,WET,9,12,42,3,Gulf Toadfish,Opsanus beta,0,0,27.2,29.17,105
9/13/2019,256,2019,2020,WET,9,13,24,3,Gulf Toadfish,Opsanus beta,0,0,29.1,19.2,115
9/13/2019,256,2019,2020,WET,9,13,25,3,Gulf Toadfish,Opsanus beta,0,0,28.5,18.97,100
9/13/2019,256,2019,2020,WET,9,13,26,3,Gulf Toadfish,Opsanus beta,0,0,28.3,19.76,120
9/13/2019,256,2019,2020,WET,9,13,27,3,Gulf Toadfish,Opsanus beta,1,3,27.9,19.72,110
9/13/2019,256,2019,2020,WET,9,13,28,3,Gulf Toadfish,Opsanus beta,1,1,27.8,19.77,130
9/13/2019,256,2019,2020,WET,9,13,29,3,Gulf Toadfish,Opsanus beta,0,0,27.6,19.49,115
9/13/2019,256,2019,2020,WET,9,13,30,3,Gulf Toadfish,Opsanus beta,0,0,27.3,19.22,110
9/16/2019,259,2019,2020,WET,9,16,1,3,Gulf Toadfish,Opsanus beta,0,0,29.4,27.35,100
9/16/2019,259,2019,2020,WET,9,16,2,3,Gulf Toadfish,Opsanus beta,0,0,29.9,27.34,107
9/16/2019,259,2019,2020,WET,9,16,3,3,Gulf Toadfish,Opsanus beta,0,0,29.9,28.42,110
9/16/2019,259,2019,2020,WET,9,16,4,3,Gulf Toadfish,Opsanus beta,0,0,29.9,28.37,140
9/16/2019,259,2019,2020,WET,9,16,5,3,Gulf Toadfish,Opsanus beta,0,0,30,28.24,95
9/17/2019,260,2019,2020,WET,9,17,15,3,Gulf Toadfish,Opsanus beta,1,2,30.6,26.61,105
9/17/2019,260,2019,2020,WET,9,17,16,3,Gulf Toadfish,Opsanus beta,0,0,30.3,25.65,93
9/17/2019,260,2019,2020,WET,9,17,17,3,Gulf Toadfish,Opsanus beta,0,0,30.4,25.93,133
9/17/2019,260,2019,2020,WET,9,17,18,3,Gulf Toadfish,Opsanus beta,0,0,31,25.71,100
9/17/2019,260,2019,2020,WET,9,17,19,3,Gulf Toadfish,Opsanus beta,0,0,30.3,24.41,100
9/17/2019,260,2019,2020,WET,9,17,20,3,Gulf Toadfish,Opsanus beta,0,0,29.9,24.52,120
9/17/2019,260,2019,2020,WET,9,17,21,3,Gulf Toadfish,Opsanus beta,0,0,30.8,26.02,91
9/17/2019,260,2019,2020,WET,9,17,22,3,Gulf Toadfish,Opsanus beta,0,0,30.8,26.85,96
9/17/2019,260,2019,2020,WET,9,17,23,3,Gulf Toadfish,Opsanus beta,0,0,30.5,26.35,83
9/18/2019,261,2019,2020,WET,9,18,10,3,Gulf Toadfish,Opsanus beta,0,0,30.2,27.32,120
9/18/2019,261,2019,2020,WET,9,18,11,3,Gulf Toadfish,Opsanus beta,1,1,29.9,26.81,113
9/18/2019,261,2019,2020,WET,9,18,12,3,Gulf Toadfish,Opsanus beta,0,0,28.4,24.64,120
9/18/2019,261,2019,2020,WET,9,18,13,3,Gulf Toadfish,Opsanus beta,0,0,28.3,24.49,110
9/18/2019,261,2019,2020,WET,9,18,14,3,Gulf Toadfish,Opsanus beta,0,0,28.5,24.63,90
9/18/2019,261,2019,2020,WET,9,18,6,3,Gulf Toadfish,Opsanus beta,0,0,31.1,26.37,90
9/18/2019,261,2019,2020,WET,9,18,7,3,Gulf Toadfish,Opsanus beta,0,0,30.3,27.92,95
9/18/2019,261,2019,2020,WET,9,18,8,3,Gulf Toadfish,Opsanus beta,0,0,30.7,28.16,90
9/18/2019,261,2019,2020,WET,9,18,9,3,Gulf Toadfish,Opsanus beta,0,0,30.4,27.76,110
3/10/2020,70,2020,2020,DRY,3,10,38,3,Gulf Toadfish,Opsanus beta,0,0,22,12.77,85
3/10/2020,70,2020,2020,DRY,3,10,39,3,Gulf Toadfish,Opsanus beta,0,0,21.4,14.87,103
3/10/2020,70,2020,2020,DRY,3,10,40,3,Gulf Toadfish,Opsanus beta,1,2,21,22.83,114
3/10/2020,70,2020,2020,DRY,3,10,41,3,Gulf Toadfish,Opsanus beta,0,0,20.7,24.35,110
3/10/2020,70,2020,2020,DRY,3,10,42,3,Gulf Toadfish,Opsanus beta,0,0,20.1,25.36,125
3/10/2020,70,2020,2020,DRY,3,10,43,3,Gulf Toadfish,Opsanus beta,1,1,20.3,28.66,100
3/10/2020,70,2020,2020,DRY,3,10,44,3,Gulf Toadfish,Opsanus beta,1,1,19.9,28.61,80
3/10/2020,70,2020,2020,DRY,3,10,45,3,Gulf Toadfish,Opsanus beta,0,0,19.6,29.01,109
3/10/2020,70,2020,2020,DRY,3,10,46,3,Gulf Toadfish,Opsanus beta,0,0,19.6,29.06,79
3/10/2020,70,2020,2020,DRY,3,10,47,3,Gulf Toadfish,Opsanus beta,0,0,19.3,30.47,105
3/11/2020,71,2020,2020,DRY,3,11,29,3,Gulf Toadfish,Opsanus beta,1,1,22.1,19.7,90
3/11/2020,71,2020,2020,DRY,3,11,30,3,Gulf Toadfish,Opsanus beta,0,0,22.9,21.24,95
3/11/2020,71,2020,2020,DRY,3,11,31,3,Gulf Toadfish,Opsanus beta,0,0,21.1,22.2,103
3/11/2020,71,2020,2020,DRY,3,11,32,3,Gulf Toadfish,Opsanus beta,0,0,22.1,22.54,115
3/11/2020,71,2020,2020,DRY,3,11,33,3,Gulf Toadfish,Opsanus beta,0,0,21.7,20.25,112
3/11/2020,71,2020,2020,DRY,3,11,34,3,Gulf Toadfish,Opsanus beta,0,0,21.5,18.25,115
3/11/2020,71,2020,2020,DRY,3,11,35,3,Gulf Toadfish,Opsanus beta,0,0,21.6,16.82,100
3/11/2020,71,2020,2020,DRY,3,11,36,3,Gulf Toadfish,Opsanus beta,0,0,21.2,16.32,88
3/11/2020,71,2020,2020,DRY,3,11,37,3,Gulf Toadfish,Opsanus beta,0,0,20.9,15.7,70
3/12/2020,72,2020,2020,DRY,3,12,19,3,Gulf Toadfish,Opsanus beta,0,0,25.3,26.6,65
3/12/2020,72,2020,2020,DRY,3,12,20,3,Gulf Toadfish,Opsanus beta,0,0,25.1,25.31,90
3/12/2020,72,2020,2020,DRY,3,12,21,3,Gulf Toadfish,Opsanus beta,0,0,25.4,24.97,85
3/12/2020,72,2020,2020,DRY,3,12,22,3,Gulf Toadfish,Opsanus beta,0,0,25.4,24.81,99
3/12/2020,72,2020,2020,DRY,3,12,23,3,Gulf Toadfish,Opsanus beta,0,0,25,24.4,96
3/12/2020,72,2020,2020,DRY,3,12,24,3,Gulf Toadfish,Opsanus beta,0,0,24.5,22.68,100
3/12/2020,72,2020,2020,DRY,3,12,25,3,Gulf Toadfish,Opsanus beta,0,0,24.1,22.12,93
3/12/2020,72,2020,2020,DRY,3,12,26,3,Gulf Toadfish,Opsanus beta,0,0,23.1,21.02,100
3/12/2020,72,2020,2020,DRY,3,12,27,3,Gulf Toadfish,Opsanus beta,0,0,22.8,20.42,80
3/12/2020,72,2020,2020,DRY,3,12,28,3,Gulf Toadfish,Opsanus beta,1,1,22.5,20.21,93
3/13/2020,73,2020,2020,DRY,3,13,10,3,Gulf Toadfish,Opsanus beta,0,0,24.8,31.74,85
3/13/2020,73,2020,2020,DRY,3,13,11,3,Gulf Toadfish,Opsanus beta,0,0,25.8,31.77,75
3/13/2020,73,2020,2020,DRY,3,13,12,3,Gulf Toadfish,Opsanus beta,0,0,25,31.86,115
3/13/2020,73,2020,2020,DRY,3,13,13,3,Gulf Toadfish,Opsanus beta,0,0,24.6,31.78,103
3/13/2020,73,2020,2020,DRY,3,13,14,3,Gulf Toadfish,Opsanus beta,0,0,24,31.73,93
3/13/2020,73,2020,2020,DRY,3,13,15,3,Gulf Toadfish,Opsanus beta,0,0,24.1,31.32,90
3/13/2020,73,2020,2020,DRY,3,13,16,3,Gulf Toadfish,Opsanus beta,0,0,24.3,29.94,89
3/13/2020,73,2020,2020,DRY,3,13,17,3,Gulf Toadfish,Opsanus beta,0,0,23.9,29.12,85
3/13/2020,73,2020,2020,DRY,3,13,18,3,Gulf Toadfish,Opsanus beta,0,0,23.7,27.87,50
3/13/2020,73,2020,2020,DRY,3,13,9,3,Gulf Toadfish,Opsanus beta,0,0,26.1,31.68,70
3/19/2020,79,2020,2020,DRY,3,19,1,3,Gulf Toadfish,Opsanus beta,0,0,24,32.69,85
3/19/2020,79,2020,2020,DRY,3,19,2,3,Gulf Toadfish,Opsanus beta,0,0,23.5,29.72,80
3/19/2020,79,2020,2020,DRY,3,19,3,3,Gulf Toadfish,Opsanus beta,0,0,23.9,29.15,60
3/19/2020,79,2020,2020,DRY,3,19,4,3,Gulf Toadfish,Opsanus beta,0,0,23.7,28.9,53
3/19/2020,79,2020,2020,DRY,3,19,5,3,Gulf Toadfish,Opsanus beta,0,0,24.1,25.29,55
3/20/2020,80,2020,2020,DRY,3,20,6,3,Gulf Toadfish,Opsanus beta,0,0,23.7,25.67,75
3/20/2020,80,2020,2020,DRY,3,20,7,3,Gulf Toadfish,Opsanus beta,0,0,23.4,30.59,75
3/20/2020,80,2020,2020,DRY,3,20,8,3,Gulf Toadfish,Opsanus beta,0,0,23.6,33.8,53
9/15/2020,259,2020,2021,WET,9,15,12,3,Gulf Toadfish,Opsanus beta,0,0,29.6,18.11,100
9/15/2020,259,2020,2021,WET,9,15,13,3,Gulf Toadfish,Opsanus beta,0,0,29.6,17.75,100
9/15/2020,259,2020,2021,WET,9,15,14,3,Gulf Toadfish,Opsanus beta,0,0,29.4,16.64,100
9/15/2020,259,2020,2021,WET,9,15,15,3,Gulf Toadfish,Opsanus beta,0,0,28.9,14.68,106
9/15/2020,259,2020,2021,WET,9,15,16,3,Gulf Toadfish,Opsanus beta,0,0,29.3,17.88,100
9/15/2020,259,2020,2021,WET,9,15,17,3,Gulf Toadfish,Opsanus beta,0,0,29.2,18.88,120
9/15/2020,259,2020,2021,WET,9,15,18,3,Gulf Toadfish,Opsanus beta,1,1,28,3.59,102
9/15/2020,259,2020,2021,WET,9,15,19,3,Gulf Toadfish,Opsanus beta,0,0,28.7,7.79,110
9/15/2020,259,2020,2021,WET,9,15,20,3,Gulf Toadfish,Opsanus beta,0,0,29.6,11.63,125
9/15/2020,259,2020,2021,WET,9,15,21,3,Gulf Toadfish,Opsanus beta,0,0,29.2,8.97,104
9/15/2020,259,2020,2021,WET,9,15,22,3,Gulf Toadfish,Opsanus beta,1,1,29.7,12.39,110
9/16/2020,260,2020,2021,WET,9,16,1,3,Gulf Toadfish,Opsanus beta,0,0,30.2,24.37,125
9/16/2020,260,2020,2021,WET,9,16,2,3,Gulf Toadfish,Opsanus beta,0,0,30.8,23.47,135
9/16/2020,260,2020,2021,WET,9,16,3,3,Gulf Toadfish,Opsanus beta,0,0,30.8,25.1,145
9/16/2020,260,2020,2021,WET,9,16,4,3,Gulf Toadfish,Opsanus beta,0,0,30.3,24.79,125
9/16/2020,260,2020,2021,WET,9,16,5,3,Gulf Toadfish,Opsanus beta,0,0,30.1,23.62,100
9/16/2020,260,2020,2021,WET,9,16,6,3,Gulf Toadfish,Opsanus beta,0,0,31.5,23.41,90
9/16/2020,260,2020,2021,WET,9,16,7,3,Gulf Toadfish,Opsanus beta,0,0,29.8,22.67,82
9/16/2020,260,2020,2021,WET,9,16,8,3,Gulf Toadfish,Opsanus beta,0,0,30.3,20.55,65
9/17/2020,261,2020,2021,WET,9,17,10,3,Gulf Toadfish,Opsanus beta,0,0,28.7,19.09,100
9/17/2020,261,2020,2021,WET,9,17,11,3,Gulf Toadfish,Opsanus beta,1,1,29.1,18.4,102
9/17/2020,261,2020,2021,WET,9,17,9,3,Gulf Toadfish,Opsanus beta,0,0,28.6,19.31,80
9/2/2020,246,2020,2021,WET,9,2,40,3,Gulf Toadfish,Opsanus beta,1,1,31.9,35.95,92
9/2/2020,246,2020,2021,WET,9,2,41,3,Gulf Toadfish,Opsanus beta,1,1,31.9,35.32,87
9/2/2020,246,2020,2021,WET,9,2,42,3,Gulf Toadfish,Opsanus beta,0,0,31.5,36.46,112
9/2/2020,246,2020,2021,WET,9,2,43,3,Gulf Toadfish,Opsanus beta,1,1,31,37.07,90
9/2/2020,246,2020,2021,WET,9,2,44,3,Gulf Toadfish,Opsanus beta,1,1,30.7,37.01,96
9/2/2020,246,2020,2021,WET,9,2,45,3,Gulf Toadfish,Opsanus beta,0,0,30.9,38.1,110
9/2/2020,246,2020,2021,WET,9,2,46,3,Gulf Toadfish,Opsanus beta,0,0,30.8,38.41,80
9/2/2020,246,2020,2021,WET,9,2,47,3,Gulf Toadfish,Opsanus beta,0,0,30.4,37.36,110
9/3/2020,247,2020,2021,WET,9,3,34,3,Gulf Toadfish,Opsanus beta,0,0,31.4,23.73,106
9/3/2020,247,2020,2021,WET,9,3,35,3,Gulf Toadfish,Opsanus beta,0,0,31.2,20.98,118
9/3/2020,247,2020,2021,WET,9,3,36,3,Gulf Toadfish,Opsanus beta,0,0,30.5,21.26,101
9/3/2020,247,2020,2021,WET,9,3,37,3,Gulf Toadfish,Opsanus beta,0,0,30.3,20.32,91
9/3/2020,247,2020,2021,WET,9,3,38,3,Gulf Toadfish,Opsanus beta,0,0,30.8,22.82,88
9/3/2020,247,2020,2021,WET,9,3,39,3,Gulf Toadfish,Opsanus beta,0,0,31.2,26.96,107
9/4/2020,248,2020,2021,WET,9,4,23,3,Gulf Toadfish,Opsanus beta,0,0,32.2,21.78,85
9/4/2020,248,2020,2021,WET,9,4,24,3,Gulf Toadfish,Opsanus beta,0,0,32.3,21.7,91
9/4/2020,248,2020,2021,WET,9,4,25,3,Gulf Toadfish,Opsanus beta,0,0,31.5,18.27,94
9/4/2020,248,2020,2021,WET,9,4,26,3,Gulf Toadfish,Opsanus beta,0,0,32.3,22.52,98
9/4/2020,248,2020,2021,WET,9,4,27,3,Gulf Toadfish,Opsanus beta,1,2,31.6,23.11,80
9/4/2020,248,2020,2021,WET,9,4,28,3,Gulf Toadfish,Opsanus beta,0,0,31.3,23.59,115
9/4/2020,248,2020,2021,WET,9,4,29,3,Gulf Toadfish,Opsanus beta,0,0,31.2,23.53,110
9/4/2020,248,2020,2021,WET,9,4,30,3,Gulf Toadfish,Opsanus beta,1,5,31,25.05,100
9/4/2020,248,2020,2021,WET,9,4,31,3,Gulf Toadfish,Opsanus beta,0,0,30.9,24.85,96
9/4/2020,248,2020,2021,WET,9,4,32,3,Gulf Toadfish,Opsanus beta,0,0,30.2,23.74,98
9/4/2020,248,2020,2021,WET,9,4,33,3,Gulf Toadfish,Opsanus beta,0,0,29.9,23.26,84
9/18/2021,261,2021,2022,WET,9,18,18,3,Gulf Toadfish,Opsanus beta,0,0,29.9,19.1,76
9/18/2021,261,2021,2022,WET,9,18,19,3,Gulf Toadfish,Opsanus beta,0,0,29.4,20,92
9/18/2021,261,2021,2022,WET,9,18,20,3,Gulf Toadfish,Opsanus beta,0,0,29.2,22.66,105
9/18/2021,261,2021,2022,WET,9,18,21,3,Gulf Toadfish,Opsanus beta,0,0,29.4,23.45,94
9/18/2021,261,2021,2022,WET,9,18,22,3,Gulf Toadfish,Opsanus beta,0,0,29.6,23.92,105
9/18/2021,261,2021,2022,WET,9,18,23,3,Gulf Toadfish,Opsanus beta,0,0,29.5,23.71,100
9/18/2021,261,2021,2022,WET,9,18,24,3,Gulf Toadfish,Opsanus beta,0,0,28.6,21.72,84
9/18/2021,261,2021,2022,WET,9,18,25,3,Gulf Toadfish,Opsanus beta,0,0,28.4,19.72,64
9/18/2021,261,2021,2022,WET,9,18,26,3,Gulf Toadfish,Opsanus beta,0,0,30.4,17.53,68
9/19/2021,262,2021,2022,WET,9,19,27,3,Gulf Toadfish,Opsanus beta,1,4,29.1,18.49,80
9/19/2021,262,2021,2022,WET,9,19,28,3,Gulf Toadfish,Opsanus beta,0,0,30,22.4,114
9/19/2021,262,2021,2022,WET,9,19,29,3,Gulf Toadfish,Opsanus beta,1,4,30.9,22.76,115
9/19/2021,262,2021,2022,WET,9,19,30,3,Gulf Toadfish,Opsanus beta,1,1,30.2,21.21,110
9/19/2021,262,2021,2022,WET,9,19,31,3,Gulf Toadfish,Opsanus beta,0,0,31.6,23.9,102
9/19/2021,262,2021,2022,WET,9,19,32,3,Gulf Toadfish,Opsanus beta,0,0,30.6,21.07,111
9/19/2021,262,2021,2022,WET,9,19,33,3,Gulf Toadfish,Opsanus beta,0,0,30.8,20.92,102
9/19/2021,262,2021,2022,WET,9,19,34,3,Gulf Toadfish,Opsanus beta,0,0,30.7,21.84,117
9/19/2021,262,2021,2022,WET,9,19,35,3,Gulf Toadfish,Opsanus beta,0,0,31.2,21.75,93
9/19/2021,262,2021,2022,WET,9,19,36,3,Gulf Toadfish,Opsanus beta,0,0,31.4,21.57,76
9/19/2021,262,2021,2022,WET,9,19,37,3,Gulf Toadfish,Opsanus beta,0,0,31.6,22.53,76
9/20/2021,263,2021,2022,WET,9,20,38,3,Gulf Toadfish,Opsanus beta,0,0,28.4,14.53,106
9/20/2021,263,2021,2022,WET,9,20,39,3,Gulf Toadfish,Opsanus beta,0,0,29,17.96,124
9/20/2021,263,2021,2022,WET,9,20,40,3,Gulf Toadfish,Opsanus beta,0,0,28.8,24.28,117
9/20/2021,263,2021,2022,WET,9,20,41,3,Gulf Toadfish,Opsanus beta,0,0,29.3,24.49,108
9/20/2021,263,2021,2022,WET,9,20,42,3,Gulf Toadfish,Opsanus beta,0,0,29.6,26.11,130
9/20/2021,263,2021,2022,WET,9,20,43,3,Gulf Toadfish,Opsanus beta,0,0,29.5,25.89,106
9/20/2021,263,2021,2022,WET,9,20,44,3,Gulf Toadfish,Opsanus beta,1,1,29.3,25.79,90
9/20/2021,263,2021,2022,WET,9,20,45,3,Gulf Toadfish,Opsanus beta,0,0,29.2,25.88,99
9/20/2021,263,2021,2022,WET,9,20,46,3,Gulf Toadfish,Opsanus beta,0,0,29.5,25.88,70
9/20/2021,263,2021,2022,WET,9,20,47,3,Gulf Toadfish,Opsanus beta,0,0,29.8,29.35,122
9/22/2021,265,2021,2022,WET,9,22,10,3,Gulf Toadfish,Opsanus beta,1,1,29,23.01,108
9/22/2021,265,2021,2022,WET,9,22,11,3,Gulf Toadfish,Opsanus beta,0,0,28.7,22.81,98
9/22/2021,265,2021,2022,WET,9,22,12,3,Gulf Toadfish,Opsanus beta,0,0,27.3,20.3,109
9/22/2021,265,2021,2022,WET,9,22,13,3,Gulf Toadfish,Opsanus beta,0,0,27.8,20.79,118
9/22/2021,265,2021,2022,WET,9,22,14,3,Gulf Toadfish,Opsanus beta,0,0,27.8,22.52,108
9/22/2021,265,2021,2022,WET,9,22,15,3,Gulf Toadfish,Opsanus beta,1,1,28,21.55,100
9/22/2021,265,2021,2022,WET,9,22,16,3,Gulf Toadfish,Opsanus beta,0,0,27.7,21.2,81
9/22/2021,265,2021,2022,WET,9,22,17,3,Gulf Toadfish,Opsanus beta,0,0,28.1,22.8,85
9/22/2021,265,2021,2022,WET,9,22,8,3,Gulf Toadfish,Opsanus beta,0,0,29.8,24.37,79
9/22/2021,265,2021,2022,WET,9,22,9,3,Gulf Toadfish,Opsanus beta,0,0,29.4,23.62,90
9/23/2021,266,2021,2022,WET,9,23,1,3,Gulf Toadfish,Opsanus beta,0,0,29,27.76,108
9/23/2021,266,2021,2022,WET,9,23,2,3,Gulf Toadfish,Opsanus beta,0,0,28.5,26.5,110
9/23/2021,266,2021,2022,WET,9,23,3,3,Gulf Toadfish,Opsanus beta,0,0,30.2,28.24,110
9/23/2021,266,2021,2022,WET,9,23,4,3,Gulf Toadfish,Opsanus beta,0,0,30.2,28.32,150
9/23/2021,266,2021,2022,WET,9,23,5,3,Gulf Toadfish,Opsanus beta,0,0,30.3,27.39,119
9/23/2021,266,2021,2022,WET,9,23,6,3,Gulf Toadfish,Opsanus beta,0,0,30.7,26.92,105
9/23/2021,266,2021,2022,WET,9,23,7,3,Gulf Toadfish,Opsanus beta,0,0,30.3,26.97,90
2/28/2022,59,2022,2022,DRY,2,28,39,3,Gulf Toadfish,Opsanus beta,0,0,27.3,20.19,78
2/28/2022,59,2022,2022,DRY,2,28,40,3,Gulf Toadfish,Opsanus beta,0,0,26.3,22.98,95
2/28/2022,59,2022,2022,DRY,2,28,41,3,Gulf Toadfish,Opsanus beta,1,2,25.6,22.04,92
2/28/2022,59,2022,2022,DRY,2,28,42,3,Gulf Toadfish,Opsanus beta,0,0,25.3,23.25,143
2/28/2022,59,2022,2022,DRY,2,28,43,3,Gulf Toadfish,Opsanus beta,1,1,26,25.37,98
2/28/2022,59,2022,2022,DRY,2,28,44,3,Gulf Toadfish,Opsanus beta,1,1,25.3,23.74,68
2/28/2022,59,2022,2022,DRY,2,28,45,3,Gulf Toadfish,Opsanus beta,0,0,24.9,21.32,98
2/28/2022,59,2022,2022,DRY,2,28,46,3,Gulf Toadfish,Opsanus beta,0,0,25.1,21.39,59
2/28/2022,59,2022,2022,DRY,2,28,47,3,Gulf Toadfish,Opsanus beta,0,0,26.5,27.64,95
3/17/2022,76,2022,2022,DRY,3,17,1,3,Gulf Toadfish,Opsanus beta,0,0,25.4,28.37,98
3/17/2022,76,2022,2022,DRY,3,17,2,3,Gulf Toadfish,Opsanus beta,0,0,26.3,27.55,108
3/17/2022,76,2022,2022,DRY,3,17,3,3,Gulf Toadfish,Opsanus beta,0,0,25.8,28.22,107
3/17/2022,76,2022,2022,DRY,3,17,4,3,Gulf Toadfish,Opsanus beta,0,0,25.6,28.01,143
3/17/2022,76,2022,2022,DRY,3,17,5,3,Gulf Toadfish,Opsanus beta,0,0,26.6,27.37,97
3/17/2022,76,2022,2022,DRY,3,17,6,3,Gulf Toadfish,Opsanus beta,0,0,26.5,27.75,75
3/17/2022,76,2022,2022,DRY,3,17,7,3,Gulf Toadfish,Opsanus beta,0,0,26.8,28.48,83
3/18/2022,77,2022,2022,DRY,3,18,10,3,Gulf Toadfish,Opsanus beta,0,0,25.4,25.47,73
3/18/2022,77,2022,2022,DRY,3,18,11,3,Gulf Toadfish,Opsanus beta,0,0,25.4,25.08,75
3/18/2022,77,2022,2022,DRY,3,18,12,3,Gulf Toadfish,Opsanus beta,0,0,26.8,24.92,86
3/18/2022,77,2022,2022,DRY,3,18,14,3,Gulf Toadfish,Opsanus beta,0,0,27.5,25.3,85
3/18/2022,77,2022,2022,DRY,3,18,15,3,Gulf Toadfish,Opsanus beta,0,0,27,25.08,84
3/18/2022,77,2022,2022,DRY,3,18,16,3,Gulf Toadfish,Opsanus beta,0,0,28.1,24.08,70
3/18/2022,77,2022,2022,DRY,3,18,17,3,Gulf Toadfish,Opsanus beta,0,0,28.5,23.51,68
3/18/2022,77,2022,2022,DRY,3,18,8,3,Gulf Toadfish,Opsanus beta,0,0,26.4,26.14,75
3/18/2022,77,2022,2022,DRY,3,18,9,3,Gulf Toadfish,Opsanus beta,0,0,26.1,25.97,84
3/2/2022,61,2022,2022,DRY,3,2,18,3,Gulf Toadfish,Opsanus beta,0,0,23.5,25.37,68
3/2/2022,61,2022,2022,DRY,3,2,19,3,Gulf Toadfish,Opsanus beta,0,0,23.9,24.45,85
3/2/2022,61,2022,2022,DRY,3,2,20,3,Gulf Toadfish,Opsanus beta,0,0,23.9,22.52,112
3/2/2022,61,2022,2022,DRY,3,2,21,3,Gulf Toadfish,Opsanus beta,0,0,24,20.72,103
3/2/2022,61,2022,2022,DRY,3,2,22,3,Gulf Toadfish,Opsanus beta,0,0,24,20.79,118
3/2/2022,61,2022,2022,DRY,3,2,23,3,Gulf Toadfish,Opsanus beta,0,0,23.6,20.04,109
3/2/2022,61,2022,2022,DRY,3,2,24,3,Gulf Toadfish,Opsanus beta,0,0,23.5,20.04,113
3/2/2022,61,2022,2022,DRY,3,2,25,3,Gulf Toadfish,Opsanus beta,0,0,23.6,19.66,94
3/2/2022,61,2022,2022,DRY,3,2,26,3,Gulf Toadfish,Opsanus beta,0,0,23.6,19.8,95
3/2/2022,61,2022,2022,DRY,3,2,27,3,Gulf Toadfish,Opsanus beta,0,0,24.1,20.25,73
3/2/2022,61,2022,2022,DRY,3,2,28,3,Gulf Toadfish,Opsanus beta,0,0,24.3,20.33,88
3/3/2022,62,2022,2022,DRY,3,3,29,3,Gulf Toadfish,Opsanus beta,1,2,22.5,20.52,80
3/3/2022,62,2022,2022,DRY,3,3,30,3,Gulf Toadfish,Opsanus beta,0,0,23.5,21.53,85
3/3/2022,62,2022,2022,DRY,3,3,31,3,Gulf Toadfish,Opsanus beta,0,0,23.4,22.7,101
3/3/2022,62,2022,2022,DRY,3,3,32,3,Gulf Toadfish,Opsanus beta,0,0,23.9,22.37,113
3/3/2022,62,2022,2022,DRY,3,3,33,3,Gulf Toadfish,Opsanus beta,0,0,24.1,22.47,110
3/3/2022,62,2022,2022,DRY,3,3,34,3,Gulf Toadfish,Opsanus beta,0,0,24.3,22.52,118
3/3/2022,62,2022,2022,DRY,3,3,35,3,Gulf Toadfish,Opsanus beta,0,0,24.4,22.82,119
3/3/2022,62,2022,2022,DRY,3,3,36,3,Gulf Toadfish,Opsanus beta,0,0,24.3,22.57,104
3/3/2022,62,2022,2022,DRY,3,3,37,3,Gulf Toadfish,Opsanus beta,0,0,24.3,21.65,92
3/3/2022,62,2022,2022,DRY,3,3,38,3,Gulf Toadfish,Opsanus beta,0,0,25.3,15.57,88
9/12/2022,255,2022,2023,WET,9,12,1,3,Gulf Toadfish,Opsanus beta,0,0,31.1,32.5,78
9/12/2022,255,2022,2023,WET,9,12,10,3,Gulf Toadfish,Opsanus beta,0,0,31.1,30.26,90
9/12/2022,255,2022,2023,WET,9,12,11,3,Gulf Toadfish,Opsanus beta,0,0,31.8,30.16,76
9/12/2022,255,2022,2023,WET,9,12,2,3,Gulf Toadfish,Opsanus beta,0,0,31,32.05,95
9/12/2022,255,2022,2023,WET,9,12,3,3,Gulf Toadfish,Opsanus beta,0,0,32.6,32.32,91
9/12/2022,255,2022,2023,WET,9,12,4,3,Gulf Toadfish,Opsanus beta,0,0,31.9,31.45,145
9/12/2022,255,2022,2023,WET,9,12,6,3,Gulf Toadfish,Opsanus beta,0,0,31.7,31.18,105
9/12/2022,255,2022,2023,WET,9,12,7,3,Gulf Toadfish,Opsanus beta,0,0,32.1,31.7,115
9/12/2022,255,2022,2023,WET,9,12,8,3,Gulf Toadfish,Opsanus beta,0,0,32.4,30.91,85
9/12/2022,255,2022,2023,WET,9,12,9,3,Gulf Toadfish,Opsanus beta,0,0,32.1,30.51,85
9/7/2022,250,2022,2023,WET,9,7,40,3,Gulf Toadfish,Opsanus beta,1,1,32.7,36.52,112
9/7/2022,250,2022,2023,WET,9,7,41,3,Gulf Toadfish,Opsanus beta,0,0,31.1,35.45,107
9/7/2022,250,2022,2023,WET,9,7,42,3,Gulf Toadfish,Opsanus beta,0,0,31.9,37.16,137
9/7/2022,250,2022,2023,WET,9,7,43,3,Gulf Toadfish,Opsanus beta,1,1,31.7,36.74,96
9/7/2022,250,2022,2023,WET,9,7,44,3,Gulf Toadfish,Opsanus beta,0,0,31.3,36.94,75
9/7/2022,250,2022,2023,WET,9,7,45,3,Gulf Toadfish,Opsanus beta,0,0,31,33.82,101
9/7/2022,250,2022,2023,WET,9,7,46,3,Gulf Toadfish,Opsanus beta,0,0,31.8,34.37,59
9/7/2022,250,2022,2023,WET,9,7,47,3,Gulf Toadfish,Opsanus beta,0,0,32.9,37.93,94
9/8/2022,251,2022,2023,WET,9,8,29,3,Gulf Toadfish,Opsanus beta,1,1,31.7,30.29,97
9/8/2022,251,2022,2023,WET,9,8,30,3,Gulf Toadfish,Opsanus beta,0,0,31.5,32.35,118
9/8/2022,251,2022,2023,WET,9,8,31,3,Gulf Toadfish,Opsanus beta,0,0,31.5,32.26,112
9/8/2022,251,2022,2023,WET,9,8,32,3,Gulf Toadfish,Opsanus beta,0,0,32,32.89,119
9/8/2022,251,2022,2023,WET,9,8,33,3,Gulf Toadfish,Opsanus beta,0,0,31.8,33.33,103
9/8/2022,251,2022,2023,WET,9,8,34,3,Gulf Toadfish,Opsanus beta,0,0,31.1,33.4,96
9/8/2022,251,2022,2023,WET,9,8,35,3,Gulf Toadfish,Opsanus beta,0,0,32.7,34.12,95
9/8/2022,251,2022,2023,WET,9,8,36,3,Gulf Toadfish,Opsanus beta,0,0,33,34.36,87
9/8/2022,251,2022,2023,WET,9,8,37,3,Gulf Toadfish,Opsanus beta,0,0,31.9,34.38,74
9/9/2022,252,2022,2023,WET,9,9,21,3,Gulf Toadfish,Opsanus beta,0,0,30.8,28.2,120
9/9/2022,252,2022,2023,WET,9,9,22,3,Gulf Toadfish,Opsanus beta,0,0,31,29.81,132
9/9/2022,252,2022,2023,WET,9,9,23,3,Gulf Toadfish,Opsanus beta,0,0,30.6,28.19,112
9/9/2022,252,2022,2023,WET,9,9,24,3,Gulf Toadfish,Opsanus beta,0,0,31.2,30.14,109
9/9/2022,252,2022,2023,WET,9,9,25,3,Gulf Toadfish,Opsanus beta,0,0,30.9,29.54,90
9/9/2022,252,2022,2023,WET,9,9,26,3,Gulf Toadfish,Opsanus beta,0,0,31.3,30.95,105
9/9/2022,252,2022,2023,WET,9,9,27,3,Gulf Toadfish,Opsanus beta,1,1,31.6,31.03,75
9/9/2022,252,2022,2023,WET,9,9,28,3,Gulf Toadfish,Opsanus beta,0,0,31,31.13,90
9/9/2022,252,2022,2023,WET,9,9,38,3,Gulf Toadfish,Opsanus beta,0,0,30.3,32.68,106
9/9/2022,252,2022,2023,WET,9,9,39,3,Gulf Toadfish,Opsanus beta,0,0,31.8,35.25,110
3/10/2023,69,2023,2023,DRY,3,10,10,3,Gulf Toadfish,Opsanus beta,0,0,22.3,29.81,90
3/10/2023,69,2023,2023,DRY,3,10,11,3,Gulf Toadfish,Opsanus beta,0,0,22.5,29.74,89
3/10/2023,69,2023,2023,DRY,3,10,12,3,Gulf Toadfish,Opsanus beta,0,0,22.5,28.8,121
3/10/2023,69,2023,2023,DRY,3,10,13,3,Gulf Toadfish,Opsanus beta,0,0,23.1,28.06,120
3/10/2023,69,2023,2023,DRY,3,10,9,3,Gulf Toadfish,Opsanus beta,0,0,21.9,30.36,69
3/6/2023,65,2023,2023,DRY,3,6,38,3,Gulf Toadfish,Opsanus beta,0,0,29.6,32.81,81
3/6/2023,65,2023,2023,DRY,3,6,39,3,Gulf Toadfish,Opsanus beta,0,0,29.2,32.23,77
3/6/2023,65,2023,2023,DRY,3,6,40,3,Gulf Toadfish,Opsanus beta,1,4,26.5,33.79,86
3/6/2023,65,2023,2023,DRY,3,6,41,3,Gulf Toadfish,Opsanus beta,1,3,26.3,33.99,83
3/6/2023,65,2023,2023,DRY,3,6,42,3,Gulf Toadfish,Opsanus beta,0,0,26.8,34.39,122
3/6/2023,65,2023,2023,DRY,3,6,43,3,Gulf Toadfish,Opsanus beta,1,2,26.7,34.3,92
3/6/2023,65,2023,2023,DRY,3,6,44,3,Gulf Toadfish,Opsanus beta,1,3,26.9,34.45,108
3/6/2023,65,2023,2023,DRY,3,6,45,3,Gulf Toadfish,Opsanus beta,0,0,27.3,34.67,105
3/6/2023,65,2023,2023,DRY,3,6,46,3,Gulf Toadfish,Opsanus beta,0,0,27.2,34.75,72
3/6/2023,65,2023,2023,DRY,3,6,47,3,Gulf Toadfish,Opsanus beta,1,1,27.5,34.82,111
3/7/2023,66,2023,2023,DRY,3,7,18,3,Gulf Toadfish,Opsanus beta,0,0,26.5,24.56,70
3/7/2023,66,2023,2023,DRY,3,7,19,3,Gulf Toadfish,Opsanus beta,0,0,25.5,24.38,82
3/7/2023,66,2023,2023,DRY,3,7,20,3,Gulf Toadfish,Opsanus beta,0,0,26.9,25.78,110
3/7/2023,66,2023,2023,DRY,3,7,21,3,Gulf Toadfish,Opsanus beta,0,0,27.4,26.73,93
3/7/2023,66,2023,2023,DRY,3,7,22,3,Gulf Toadfish,Opsanus beta,0,0,27.5,26.68,111
3/7/2023,66,2023,2023,DRY,3,7,23,3,Gulf Toadfish,Opsanus beta,0,0,27.6,27.03,102
3/7/2023,66,2023,2023,DRY,3,7,24,3,Gulf Toadfish,Opsanus beta,0,0,27.8,27.44,104
3/7/2023,66,2023,2023,DRY,3,7,25,3,Gulf Toadfish,Opsanus beta,0,0,27.6,27.22,87
3/7/2023,66,2023,2023,DRY,3,7,26,3,Gulf Toadfish,Opsanus beta,0,0,27.8,27.5,90
3/7/2023,66,2023,2023,DRY,3,7,27,3,Gulf Toadfish,Opsanus beta,1,1,27.8,27.78,79
3/7/2023,66,2023,2023,DRY,3,7,28,3,Gulf Toadfish,Opsanus beta,0,0,27.5,27.8,93
3/7/2023,66,2023,2023,DRY,3,7,29,3,Gulf Toadfish,Opsanus beta,1,1,27.4,27.6,85
3/7/2023,66,2023,2023,DRY,3,7,30,3,Gulf Toadfish,Opsanus beta,1,1,28,28.81,80
3/8/2023,67,2023,2023,DRY,3,8,14,3,Gulf Toadfish,Opsanus beta,0,0,26.3,24.33,113
3/8/2023,67,2023,2023,DRY,3,8,15,3,Gulf Toadfish,Opsanus beta,0,0,26.1,25.09,110
3/8/2023,67,2023,2023,DRY,3,8,16,3,Gulf Toadfish,Opsanus beta,0,0,26.2,25.47,110
3/8/2023,67,2023,2023,DRY,3,8,17,3,Gulf Toadfish,Opsanus beta,0,0,26.4,25.6,110
3/8/2023,67,2023,2023,DRY,3,8,31,3,Gulf Toadfish,Opsanus beta,0,0,26.5,29.46,111
3/8/2023,67,2023,2023,DRY,3,8,32,3,Gulf Toadfish,Opsanus beta,0,0,26.8,29.71,120
3/8/2023,67,2023,2023,DRY,3,8,33,3,Gulf Toadfish,Opsanus beta,0,0,27.3,30.4,109
3/8/2023,67,2023,2023,DRY,3,8,34,3,Gulf Toadfish,Opsanus beta,0,0,27.5,30.36,108
3/8/2023,67,2023,2023,DRY,3,8,35,3,Gulf Toadfish,Opsanus beta,0,0,27.6,31.04,99
3/8/2023,67,2023,2023,DRY,3,8,36,3,Gulf Toadfish,Opsanus beta,0,0,27.3,31.14,80
3/8/2023,67,2023,2023,DRY,3,8,37,3,Gulf Toadfish,Opsanus beta,0,0,28.4,31.28,70
3/9/2023,68,2023,2023,DRY,3,9,1,3,Gulf Toadfish,Opsanus beta,0,0,25.1,31.35,92
3/9/2023,68,2023,2023,DRY,3,9,2,3,Gulf Toadfish,Opsanus beta,0,0,24.5,31.26,112
3/9/2023,68,2023,2023,DRY,3,9,3,3,Gulf Toadfish,Opsanus beta,0,0,24.9,31.59,97
3/9/2023,68,2023,2023,DRY,3,9,4,3,Gulf Toadfish,Opsanus beta,0,0,25.8,31.61,134
3/9/2023,68,2023,2023,DRY,3,9,5,3,Gulf Toadfish,Opsanus beta,0,0,24.7,30.78,109
3/9/2023,68,2023,2023,DRY,3,9,6,3,Gulf Toadfish,Opsanus beta,0,0,25.4,30.83,106
3/9/2023,68,2023,2023,DRY,3,9,7,3,Gulf Toadfish,Opsanus beta,0,0,24.7,30.96,98
3/9/2023,68,2023,2023,DRY,3,9,8,3,Gulf Toadfish,Opsanus beta,0,0,25.2,30.77,61
9/13/2023,256,2023,2024,WET,9,13,38,3,Gulf Toadfish,Opsanus beta,0,0,32.8,21.38,95
9/13/2023,256,2023,2024,WET,9,13,39,3,Gulf Toadfish,Opsanus beta,0,0,32.1,19.15,105
9/13/2023,256,2023,2024,WET,9,13,40,3,Gulf Toadfish,Opsanus beta,0,0,30.8,23.19,110
9/13/2023,256,2023,2024,WET,9,13,41,3,Gulf Toadfish,Opsanus beta,0,0,30.9,23.08,94
9/13/2023,256,2023,2024,WET,9,13,42,3,Gulf Toadfish,Opsanus beta,0,0,30.9,22.06,130
9/13/2023,256,2023,2024,WET,9,13,43,3,Gulf Toadfish,Opsanus beta,0,0,31.2,22.45,96
9/13/2023,256,2023,2024,WET,9,13,44,3,Gulf Toadfish,Opsanus beta,0,0,31.3,22.25,73
9/13/2023,256,2023,2024,WET,9,13,45,3,Gulf Toadfish,Opsanus beta,0,0,31.2,24.08,80
9/13/2023,256,2023,2024,WET,9,13,46,3,Gulf Toadfish,Opsanus beta,0,0,31.9,22.74,54
9/13/2023,256,2023,2024,WET,9,13,47,3,Gulf Toadfish,Opsanus beta,0,0,32,27.76,105
9/14/2023,257,2023,2024,WET,9,14,18,3,Gulf Toadfish,Opsanus beta,0,0,32.8,16.81,73
9/14/2023,257,2023,2024,WET,9,14,19,3,Gulf Toadfish,Opsanus beta,0,0,32.4,19.61,89
9/14/2023,257,2023,2024,WET,9,14,20,3,Gulf Toadfish,Opsanus beta,0,0,31.6,19.68,100
9/14/2023,257,2023,2024,WET,9,14,21,3,Gulf Toadfish,Opsanus beta,0,0,32.8,21.35,98
9/14/2023,257,2023,2024,WET,9,14,22,3,Gulf Toadfish,Opsanus beta,0,0,32.9,21.17,100
9/14/2023,257,2023,2024,WET,9,14,23,3,Gulf Toadfish,Opsanus beta,0,0,33,21.39,99
9/14/2023,257,2023,2024,WET,9,14,24,3,Gulf Toadfish,Opsanus beta,0,0,33.2,20.83,100
9/14/2023,257,2023,2024,WET,9,14,25,3,Gulf Toadfish,Opsanus beta,0,0,32.7,19.55,101
9/14/2023,257,2023,2024,WET,9,14,26,3,Gulf Toadfish,Opsanus beta,0,0,33.2,15.34,92
9/14/2023,257,2023,2024,WET,9,14,27,3,Gulf Toadfish,Opsanus beta,0,0,32.8,19.01,85
9/14/2023,257,2023,2024,WET,9,14,28,3,Gulf Toadfish,Opsanus beta,0,0,32.9,17.48,103
9/14/2023,257,2023,2024,WET,9,14,29,3,Gulf Toadfish,Opsanus beta,1,1,31.6,16.35,95
9/15/2023,258,2023,2024,WET,9,15,15,3,Gulf Toadfish,Opsanus beta,0,0,30.2,21.54,84
9/15/2023,258,2023,2024,WET,9,15,30,3,Gulf Toadfish,Opsanus beta,1,1,31.7,19.82,113
9/15/2023,258,2023,2024,WET,9,15,31,3,Gulf Toadfish,Opsanus beta,0,0,32.3,22.51,95
9/15/2023,258,2023,2024,WET,9,15,32,3,Gulf Toadfish,Opsanus beta,0,0,32.3,22.61,110
9/15/2023,258,2023,2024,WET,9,15,33,3,Gulf Toadfish,Opsanus beta,0,0,31.3,18.71,125
9/15/2023,258,2023,2024,WET,9,15,34,3,Gulf Toadfish,Opsanus beta,0,0,33.5,23.14,115
9/15/2023,258,2023,2024,WET,9,15,35,3,Gulf Toadfish,Opsanus beta,0,0,32.4,21.11,110
9/15/2023,258,2023,2024,WET,9,15,36,3,Gulf Toadfish,Opsanus beta,0,0,32.8,21.7,95
9/15/2023,258,2023,2024,WET,9,15,37,3,Gulf Toadfish,Opsanus beta,1,1,32.2,21.57,80
9/18/2023,261,2023,2024,WET,9,18,1,3,Gulf Toadfish,Opsanus beta,0,0,29.6,24.05,74
9/18/2023,261,2023,2024,WET,9,18,10,3,Gulf Toadfish,Opsanus beta,0,0,30.5,20.38,93
9/18/2023,261,2023,2024,WET,9,18,11,3,Gulf Toadfish,Opsanus beta,0,0,31,20.3,83
9/18/2023,261,2023,2024,WET,9,18,2,3,Gulf Toadfish,Opsanus beta,0,0,29.2,23.97,90
9/18/2023,261,2023,2024,WET,9,18,3,3,Gulf Toadfish,Opsanus beta,0,0,31,25.33,78
9/18/2023,261,2023,2024,WET,9,18,5,3,Gulf Toadfish,Opsanus beta,0,0,31,24.76,91
9/18/2023,261,2023,2024,WET,9,18,6,3,Gulf Toadfish,Opsanus beta,0,0,31.4,24.61,95
9/18/2023,261,2023,2024,WET,9,18,7,3,Gulf Toadfish,Opsanus beta,0,0,31.5,24.86,105
9/18/2023,261,2023,2024,WET,9,18,8,3,Gulf Toadfish,Opsanus beta,0,0,31.4,23.52,94
9/18/2023,261,2023,2024,WET,9,18,9,3,Gulf Toadfish,Opsanus beta,0,0,31.6,21.45,84
9/19/2023,262,2023,2024,WET,9,19,12,3,Gulf Toadfish,Opsanus beta,0,0,29.2,19.32,104
9/19/2023,262,2023,2024,WET,9,19,13,3,Gulf Toadfish,Opsanus beta,0,0,29.8,19.53,108
9/19/2023,262,2023,2024,WET,9,19,14,3,Gulf Toadfish,Opsanus beta,0,0,30.7,20.3,114
9/19/2023,262,2023,2024,WET,9,19,16,3,Gulf Toadfish,Opsanus beta,0,0,31.2,20.67,120
9/19/2023,262,2023,2024,WET,9,19,17,3,Gulf Toadfish,Opsanus beta,0,0,31.5,20.61,118
9/19/2023,262,2023,2024,WET,9,19,4,3,Gulf Toadfish,Opsanus beta,0,0,31.1,26.36,110
3/11/2024,71,2024,2024,DRY,3,11,27,3,Gulf Toadfish,Opsanus beta,0,0,24.2,17.3,57
3/11/2024,71,2024,2024,DRY,3,11,28,3,Gulf Toadfish,Opsanus beta,0,0,24.3,17.16,78
3/11/2024,71,2024,2024,DRY,3,11,29,3,Gulf Toadfish,Opsanus beta,0,0,23.9,17.48,84
3/11/2024,71,2024,2024,DRY,3,11,30,3,Gulf Toadfish,Opsanus beta,1,2,24.5,18.54,90
3/11/2024,71,2024,2024,DRY,3,11,31,3,Gulf Toadfish,Opsanus beta,0,0,25.3,19.4,94
3/11/2024,71,2024,2024,DRY,3,11,32,3,Gulf Toadfish,Opsanus beta,0,0,25.2,20.13,110
3/11/2024,71,2024,2024,DRY,3,11,33,3,Gulf Toadfish,Opsanus beta,0,0,25.3,20.59,120
3/11/2024,71,2024,2024,DRY,3,11,34,3,Gulf Toadfish,Opsanus beta,0,0,25.8,21.2,107
3/11/2024,71,2024,2024,DRY,3,11,35,3,Gulf Toadfish,Opsanus beta,0,0,26.2,21.81,100
3/11/2024,71,2024,2024,DRY,3,11,36,3,Gulf Toadfish,Opsanus beta,1,2,26.4,21.78,90
3/11/2024,71,2024,2024,DRY,3,11,37,3,Gulf Toadfish,Opsanus beta,0,0,25.9,22.2,83
3/11/2024,71,2024,2024,DRY,3,11,38,3,Gulf Toadfish,Opsanus beta,0,0,26.8,18.32,70
3/11/2024,71,2024,2024,DRY,3,11,39,3,Gulf Toadfish,Opsanus beta,0,0,26.9,16.72,75
3/12/2024,72,2024,2024,DRY,3,12,1,3,Gulf Toadfish,Opsanus beta,1,1,23.3,23.74,66
3/12/2024,72,2024,2024,DRY,3,12,2,3,Gulf Toadfish,Opsanus beta,0,0,22.4,21.83,83
3/12/2024,72,2024,2024,DRY,3,12,3,3,Gulf Toadfish,Opsanus beta,0,0,22.9,21.66,75
3/12/2024,72,2024,2024,DRY,3,12,4,3,Gulf Toadfish,Opsanus beta,0,0,25.7,22.46,110
3/12/2024,72,2024,2024,DRY,3,12,5,3,Gulf Toadfish,Opsanus beta,0,0,23.2,17.83,92
3/12/2024,72,2024,2024,DRY,3,12,6,3,Gulf Toadfish,Opsanus beta,0,0,24,19.37,93
3/12/2024,72,2024,2024,DRY,3,12,7,3,Gulf Toadfish,Opsanus beta,0,0,23.6,21.89,95
3/12/2024,72,2024,2024,DRY,3,12,8,3,Gulf Toadfish,Opsanus beta,0,0,24.3,21.83,65
3/12/2024,72,2024,2024,DRY,3,12,9,3,Gulf Toadfish,Opsanus beta,0,0,24.7,20.91,65
3/13/2024,73,2024,2024,DRY,3,13,10,3,Gulf Toadfish,Opsanus beta,0,0,23,19.25,49
3/13/2024,73,2024,2024,DRY,3,13,11,3,Gulf Toadfish,Opsanus beta,0,0,23.3,19.36,58
3/13/2024,73,2024,2024,DRY,3,13,12,3,Gulf Toadfish,Opsanus beta,0,0,23.8,18.32,85
3/13/2024,73,2024,2024,DRY,3,13,13,3,Gulf Toadfish,Opsanus beta,0,0,24,17.85,98
3/13/2024,73,2024,2024,DRY,3,13,14,3,Gulf Toadfish,Opsanus beta,0,0,24.7,17.18,109
3/13/2024,73,2024,2024,DRY,3,13,15,3,Gulf Toadfish,Opsanus beta,0,0,24.9,16,102
3/13/2024,73,2024,2024,DRY,3,13,16,3,Gulf Toadfish,Opsanus beta,0,0,24.7,15.87,109
3/13/2024,73,2024,2024,DRY,3,13,17,3,Gulf Toadfish,Opsanus beta,0,0,24.8,15.32,104
3/7/2024,67,2024,2024,DRY,3,7,40,3,Gulf Toadfish,Opsanus beta,0,0,25.9,20.49,100
3/7/2024,67,2024,2024,DRY,3,7,41,3,Gulf Toadfish,Opsanus beta,0,0,26.4,21.91,90
3/7/2024,67,2024,2024,DRY,3,7,42,3,Gulf Toadfish,Opsanus beta,0,0,26.1,22.8,113
3/7/2024,67,2024,2024,DRY,3,7,43,3,Gulf Toadfish,Opsanus beta,1,2,25.9,22.49,80
3/7/2024,67,2024,2024,DRY,3,7,44,3,Gulf Toadfish,Opsanus beta,1,2,25.9,23.21,63
3/7/2024,67,2024,2024,DRY,3,7,45,3,Gulf Toadfish,Opsanus beta,0,0,26.1,24.03,70
3/7/2024,67,2024,2024,DRY,3,7,46,3,Gulf Toadfish,Opsanus beta,0,0,26.9,24.03,54
3/7/2024,67,2024,2024,DRY,3,7,47,3,Gulf Toadfish,Opsanus beta,0,0,26.7,26.18,99
3/8/2024,68,2024,2024,DRY,3,8,18,3,Gulf Toadfish,Opsanus beta,0,0,27,8.47,77
3/8/2024,68,2024,2024,DRY,3,8,19,3,Gulf Toadfish,Opsanus beta,0,0,27.5,13.03,94
3/8/2024,68,2024,2024,DRY,3,8,20,3,Gulf Toadfish,Opsanus beta,0,0,27.6,14.96,105
3/8/2024,68,2024,2024,DRY,3,8,21,3,Gulf Toadfish,Opsanus beta,0,0,27.4,15.2,92
3/8/2024,68,2024,2024,DRY,3,8,22,3,Gulf Toadfish,Opsanus beta,0,0,28.2,16.07,93
3/8/2024,68,2024,2024,DRY,3,8,23,3,Gulf Toadfish,Opsanus beta,0,0,27.2,10.83,83
3/8/2024,68,2024,2024,DRY,3,8,24,3,Gulf Toadfish,Opsanus beta,0,0,27.2,11.42,76
3/8/2024,68,2024,2024,DRY,3,8,25,3,Gulf Toadfish,Opsanus beta,0,0,27.6,11.66,63
3/8/2024,68,2024,2024,DRY,3,8,26,3,Gulf Toadfish,Opsanus beta,0,0,28.8,15.79,67
9/3/2024,247,2024,2025,WET,9,3,37,3,Gulf Toadfish,Opsanus beta,0,0,29.8,16.9,94
9/3/2024,247,2024,2025,WET,9,3,38,3,Gulf Toadfish,Opsanus beta,0,0,30.6,15.4,94
9/3/2024,247,2024,2025,WET,9,3,39,3,Gulf Toadfish,Opsanus beta,0,0,30.5,16.22,94
9/3/2024,247,2024,2025,WET,9,3,40,3,Gulf Toadfish,Opsanus beta,1,1,30.1,23.79,84
9/3/2024,247,2024,2025,WET,9,3,41,3,Gulf Toadfish,Opsanus beta,0,0,30,24.94,72
9/3/2024,247,2024,2025,WET,9,3,42,3,Gulf Toadfish,Opsanus beta,0,0,29.5,26.81,90
9/3/2024,247,2024,2025,WET,9,3,43,3,Gulf Toadfish,Opsanus beta,0,0,29.6,25.95,77
9/3/2024,247,2024,2025,WET,9,3,44,3,Gulf Toadfish,Opsanus beta,0,0,29.8,28.46,78
9/3/2024,247,2024,2025,WET,9,3,45,3,Gulf Toadfish,Opsanus beta,0,0,30.4,29.33,103
9/3/2024,247,2024,2025,WET,9,3,46,3,Gulf Toadfish,Opsanus beta,0,0,31,29.61,95
9/3/2024,247,2024,2025,WET,9,3,47,3,Gulf Toadfish,Opsanus beta,0,0,30.9,28.39,97
9/4/2024,248,2024,2025,WET,9,4,18,3,Gulf Toadfish,Opsanus beta,0,0,28,1.29,64
9/4/2024,248,2024,2025,WET,9,4,19,3,Gulf Toadfish,Opsanus beta,0,0,29.1,1.61,83
9/4/2024,248,2024,2025,WET,9,4,20,3,Gulf Toadfish,Opsanus beta,0,0,28.8,1.45,105
9/4/2024,248,2024,2025,WET,9,4,21,3,Gulf Toadfish,Opsanus beta,0,0,28.9,2.06,96
9/4/2024,248,2024,2025,WET,9,4,22,3,Gulf Toadfish,Opsanus beta,0,0,29.2,2.25,97
9/4/2024,248,2024,2025,WET,9,4,23,3,Gulf Toadfish,Opsanus beta,0,0,29.4,2.49,104
9/4/2024,248,2024,2025,WET,9,4,24,3,Gulf Toadfish,Opsanus beta,0,0,29.7,2.95,101
9/4/2024,248,2024,2025,WET,9,4,25,3,Gulf Toadfish,Opsanus beta,0,0,30.2,3.97,105
9/4/2024,248,2024,2025,WET,9,4,26,3,Gulf Toadfish,Opsanus beta,0,0,30.7,4.83,106
9/4/2024,248,2024,2025,WET,9,4,27,3,Gulf Toadfish,Opsanus beta,1,1,31.3,6.42,93
9/4/2024,248,2024,2025,WET,9,4,28,3,Gulf Toadfish,Opsanus beta,0,0,31.3,7.66,109
9/4/2024,248,2024,2025,WET,9,4,29,3,Gulf Toadfish,Opsanus beta,0,0,31.2,7.68,98
9/5/2024,249,2024,2025,WET,9,5,14,3,Gulf Toadfish,Opsanus beta,0,0,29.1,9.01,88
9/5/2024,249,2024,2025,WET,9,5,15,3,Gulf Toadfish,Opsanus beta,1,4,29.2,7.05,110
9/5/2024,249,2024,2025,WET,9,5,16,3,Gulf Toadfish,Opsanus beta,0,0,29.3,6.04,104
9/5/2024,249,2024,2025,WET,9,5,17,3,Gulf Toadfish,Opsanus beta,0,0,29.6,7.8,107
9/5/2024,249,2024,2025,WET,9,5,30,3,Gulf Toadfish,Opsanus beta,0,0,30.2,9.78,97
9/5/2024,249,2024,2025,WET,9,5,31,3,Gulf Toadfish,Opsanus beta,0,0,30.4,9.39,111
9/5/2024,249,2024,2025,WET,9,5,32,3,Gulf Toadfish,Opsanus beta,0,0,30.6,7.6,120
9/5/2024,249,2024,2025,WET,9,5,33,3,Gulf Toadfish,Opsanus beta,0,0,31.1,10.39,115
9/5/2024,249,2024,2025,WET,9,5,34,3,Gulf Toadfish,Opsanus beta,0,0,31.4,12.3,108
9/5/2024,249,2024,2025,WET,9,5,35,3,Gulf Toadfish,Opsanus beta,0,0,31.4,11.29,93
9/5/2024,249,2024,2025,WET,9,5,36,3,Gulf Toadfish,Opsanus beta,0,0,31.6,10.9,83
9/6/2024,250,2024,2025,WET,9,6,1,3,Gulf Toadfish,Opsanus beta,1,1,29.9,17.64,83
9/6/2024,250,2024,2025,WET,9,6,10,3,Gulf Toadfish,Opsanus beta,0,0,31.1,12.89,100
9/6/2024,250,2024,2025,WET,9,6,11,3,Gulf Toadfish,Opsanus beta,0,0,31.3,10.52,86
9/6/2024,250,2024,2025,WET,9,6,2,3,Gulf Toadfish,Opsanus beta,0,0,29.5,10.79,104
9/6/2024,250,2024,2025,WET,9,6,3,3,Gulf Toadfish,Opsanus beta,0,0,30,12.49,96
9/6/2024,250,2024,2025,WET,9,6,5,3,Gulf Toadfish,Opsanus beta,0,0,30.4,11.14,97
9/6/2024,250,2024,2025,WET,9,6,6,3,Gulf Toadfish,Opsanus beta,0,0,30.8,10.76,93
9/6/2024,250,2024,2025,WET,9,6,7,3,Gulf Toadfish,Opsanus beta,0,0,30.7,15.3,103
9/6/2024,250,2024,2025,WET,9,6,8,3,Gulf Toadfish,Opsanus beta,0,0,31.2,13.39,82
9/6/2024,250,2024,2025,WET,9,6,9,3,Gulf Toadfish,Opsanus beta,0,0,31.5,11.75,95
9/9/2024,253,2024,2025,WET,9,9,12,3,Gulf Toadfish,Opsanus beta,0,0,31,12.49,100
9/9/2024,253,2024,2025,WET,9,9,13,3,Gulf Toadfish,Opsanus beta,0,0,31.8,12.79,90
9/9/2024,253,2024,2025,WET,9,9,4,3,Gulf Toadfish,Opsanus beta,0,0,31.9,19.44,124
3/12/2025,71,2025,2025,DRY,3,12,38,3,Gulf Toadfish,Opsanus beta,0,0,21.6,33.53,79
3/12/2025,71,2025,2025,DRY,3,12,39,3,Gulf Toadfish,Opsanus beta,0,0,21.7,34.3,101
3/12/2025,71,2025,2025,DRY,3,12,40,3,Gulf Toadfish,Opsanus beta,0,0,21.9,36.07,110
3/12/2025,71,2025,2025,DRY,3,12,41,3,Gulf Toadfish,Opsanus beta,0,0,21.9,36.16,94
3/12/2025,71,2025,2025,DRY,3,12,42,3,Gulf Toadfish,Opsanus beta,0,0,22.1,36.48,111
3/12/2025,71,2025,2025,DRY,3,12,43,3,Gulf Toadfish,Opsanus beta,0,0,21.8,36.49,80
3/12/2025,71,2025,2025,DRY,3,12,44,3,Gulf Toadfish,Opsanus beta,0,0,22.2,36.67,64
3/12/2025,71,2025,2025,DRY,3,12,45,3,Gulf Toadfish,Opsanus beta,0,0,21.9,35.96,85
3/12/2025,71,2025,2025,DRY,3,12,46,3,Gulf Toadfish,Opsanus beta,0,0,22,36.16,62
3/12/2025,71,2025,2025,DRY,3,12,47,3,Gulf Toadfish,Opsanus beta,0,0,23,37.54,105
3/13/2025,72,2025,2025,DRY,3,13,18,3,Gulf Toadfish,Opsanus beta,0,0,22.8,27.9,65
3/13/2025,72,2025,2025,DRY,3,13,19,3,Gulf Toadfish,Opsanus beta,0,0,22.4,26.74,72
3/13/2025,72,2025,2025,DRY,3,13,20,3,Gulf Toadfish,Opsanus beta,0,0,22.9,27.09,95
3/13/2025,72,2025,2025,DRY,3,13,21,3,Gulf Toadfish,Opsanus beta,0,0,23.2,28.36,91
3/13/2025,72,2025,2025,DRY,3,13,22,3,Gulf Toadfish,Opsanus beta,0,0,23.2,27.88,107
3/13/2025,72,2025,2025,DRY,3,13,23,3,Gulf Toadfish,Opsanus beta,0,0,23.3,27.17,84
3/13/2025,72,2025,2025,DRY,3,13,24,3,Gulf Toadfish,Opsanus beta,0,0,23.4,26.52,95
3/13/2025,72,2025,2025,DRY,3,13,25,3,Gulf Toadfish,Opsanus beta,0,0,23,27.39,82
3/13/2025,72,2025,2025,DRY,3,13,26,3,Gulf Toadfish,Opsanus beta,0,0,23.5,27.62,90
3/13/2025,72,2025,2025,DRY,3,13,27,3,Gulf Toadfish,Opsanus beta,1,1,23.4,28.35,68
3/14/2025,73,2025,2025,DRY,3,14,28,3,Gulf Toadfish,Opsanus beta,0,0,22.6,29.08,75
3/14/2025,73,2025,2025,DRY,3,14,29,3,Gulf Toadfish,Opsanus beta,0,0,22.2,29.18,80
3/14/2025,73,2025,2025,DRY,3,14,30,3,Gulf Toadfish,Opsanus beta,1,1,23.4,30.74,75
3/14/2025,73,2025,2025,DRY,3,14,31,3,Gulf Toadfish,Opsanus beta,0,0,24.3,31.19,86
3/14/2025,73,2025,2025,DRY,3,14,32,3,Gulf Toadfish,Opsanus beta,0,0,25.3,31.57,98
3/14/2025,73,2025,2025,DRY,3,14,33,3,Gulf Toadfish,Opsanus beta,0,0,25.1,32.39,101
3/14/2025,73,2025,2025,DRY,3,14,34,3,Gulf Toadfish,Opsanus beta,0,0,25.3,32.32,99
3/14/2025,73,2025,2025,DRY,3,14,35,3,Gulf Toadfish,Opsanus beta,0,0,25.6,32.3,98
3/14/2025,73,2025,2025,DRY,3,14,36,3,Gulf Toadfish,Opsanus beta,0,0,25.7,32.32,89
3/14/2025,73,2025,2025,DRY,3,14,37,3,Gulf Toadfish,Opsanus beta,0,0,25.9,31.72,69
4/1/2025,91,2025,2025,DRY,4,1,1,3,Gulf Toadfish,Opsanus beta,0,0,26.4,34.14,73
4/1/2025,91,2025,2025,DRY,4,1,10,3,Gulf Toadfish,Opsanus beta,0,0,29.5,33.62,73
4/1/2025,91,2025,2025,DRY,4,1,2,3,Gulf Toadfish,Opsanus beta,0,0,26.9,33.33,81
4/1/2025,91,2025,2025,DRY,4,1,3,3,Gulf Toadfish,Opsanus beta,0,0,27.7,35.25,75
4/1/2025,91,2025,2025,DRY,4,1,4,3,Gulf Toadfish,Opsanus beta,0,0,28.9,35.54,103
4/1/2025,91,2025,2025,DRY,4,1,5,3,Gulf Toadfish,Opsanus beta,1,1,27.8,34.32,86
4/1/2025,91,2025,2025,DRY,4,1,6,3,Gulf Toadfish,Opsanus beta,0,0,28.6,33.8,73
4/1/2025,91,2025,2025,DRY,4,1,7,3,Gulf Toadfish,Opsanus beta,0,0,28.6,35.13,85
4/1/2025,91,2025,2025,DRY,4,1,8,3,Gulf Toadfish,Opsanus beta,0,0,29.5,34.83,70
4/1/2025,91,2025,2025,DRY,4,1,9,3,Gulf Toadfish,Opsanus beta,0,0,29.9,34.03,66
4/2/2025,92,2025,2025,DRY,4,2,11,3,Gulf Toadfish,Opsanus beta,0,0,26.5,33.7,55
4/2/2025,92,2025,2025,DRY,4,2,12,3,Gulf Toadfish,Opsanus beta,0,0,27.3,33.57,89
4/2/2025,92,2025,2025,DRY,4,2,13,3,Gulf Toadfish,Opsanus beta,0,0,27.6,33.16,88
4/2/2025,92,2025,2025,DRY,4,2,14,3,Gulf Toadfish,Opsanus beta,1,1,28.5,32.93,99
4/2/2025,92,2025,2025,DRY,4,2,15,3,Gulf Toadfish,Opsanus beta,0,0,28.1,31,115
4/2/2025,92,2025,2025,DRY,4,2,16,3,Gulf Toadfish,Opsanus beta,1,1,28.3,30.55,115
4/2/2025,92,2025,2025,DRY,4,2,17,3,Gulf Toadfish,Opsanus beta,0,0,28.7,30.2,98
9/12/2025,255,2025,2026,WET,9,12,1,3,Gulf Toadfish,Opsanus beta,0,0,29.5,26.09,100
9/12/2025,255,2025,2026,WET,9,12,2,3,Gulf Toadfish,Opsanus beta,0,0,30,25.45,115
9/12/2025,255,2025,2026,WET,9,12,3,3,Gulf Toadfish,Opsanus beta,0,0,30.6,25.25,109
9/12/2025,255,2025,2026,WET,9,12,5,3,Gulf Toadfish,Opsanus beta,0,0,30.9,24.75,106
9/12/2025,255,2025,2026,WET,9,12,6,3,Gulf Toadfish,Opsanus beta,0,0,31,23.9,120
9/22/2025,265,2025,2026,WET,9,22,18,3,Gulf Toadfish,Opsanus beta,1,1,27.7,7.3,75
9/22/2025,265,2025,2026,WET,9,22,19,3,Gulf Toadfish,Opsanus beta,0,0,28.1,9.79,88
9/22/2025,265,2025,2026,WET,9,22,20,3,Gulf Toadfish,Opsanus beta,0,0,28.8,14.44,117
9/22/2025,265,2025,2026,WET,9,22,21,3,Gulf Toadfish,Opsanus beta,0,0,28.3,13.58,109
9/22/2025,265,2025,2026,WET,9,22,22,3,Gulf Toadfish,Opsanus beta,0,0,28.9,15.01,120
9/22/2025,265,2025,2026,WET,9,22,23,3,Gulf Toadfish,Opsanus beta,0,0,29,14.53,114
9/22/2025,265,2025,2026,WET,9,22,24,3,Gulf Toadfish,Opsanus beta,0,0,28.8,13.73,121
9/22/2025,265,2025,2026,WET,9,22,25,3,Gulf Toadfish,Opsanus beta,0,0,28.9,14.35,119
9/22/2025,265,2025,2026,WET,9,22,26,3,Gulf Toadfish,Opsanus beta,0,0,29.8,14.14,125
9/22/2025,265,2025,2026,WET,9,22,27,3,Gulf Toadfish,Opsanus beta,0,0,29.8,15.82,104
9/22/2025,265,2025,2026,WET,9,22,28,3,Gulf Toadfish,Opsanus beta,0,0,30.1,14.05,123
9/22/2025,265,2025,2026,WET,9,22,29,3,Gulf Toadfish,Opsanus beta,0,0,30.3,14.71,113
9/22/2025,265,2025,2026,WET,9,22,30,3,Gulf Toadfish,Opsanus beta,1,1,30.1,15.77,104
9/22/2025,265,2025,2026,WET,9,22,31,3,Gulf Toadfish,Opsanus beta,0,0,29.9,13.45,102
9/23/2025,266,2025,2026,WET,9,23,10,3,Gulf Toadfish,Opsanus beta,0,0,29.4,20.43,106
9/23/2025,266,2025,2026,WET,9,23,11,3,Gulf Toadfish,Opsanus beta,0,0,29.7,20.6,113
9/23/2025,266,2025,2026,WET,9,23,12,3,Gulf Toadfish,Opsanus beta,0,0,29.9,20.85,138
9/23/2025,266,2025,2026,WET,9,23,13,3,Gulf Toadfish,Opsanus beta,0,0,30.3,20.41,120
9/23/2025,266,2025,2026,WET,9,23,14,3,Gulf Toadfish,Opsanus beta,0,0,30.4,20.41,120
9/23/2025,266,2025,2026,WET,9,23,15,3,Gulf Toadfish,Opsanus beta,0,0,30.1,19.43,93
9/23/2025,266,2025,2026,WET,9,23,16,3,Gulf Toadfish,Opsanus beta,0,0,30.4,19.25,124
9/23/2025,266,2025,2026,WET,9,23,17,3,Gulf Toadfish,Opsanus beta,0,0,30.5,18.4,95
9/23/2025,266,2025,2026,WET,9,23,4,3,Gulf Toadfish,Opsanus beta,0,0,29.7,20.76,121
9/23/2025,266,2025,2026,WET,9,23,7,3,Gulf Toadfish,Opsanus beta,0,0,28.8,18.95,96
9/23/2025,266,2025,2026,WET,9,23,8,3,Gulf Toadfish,Opsanus beta,0,0,29.1,19.9,89
9/23/2025,266,2025,2026,WET,9,23,9,3,Gulf Toadfish,Opsanus beta,0,0,29.2,19.82,100
9/24/2025,267,2025,2026,WET,9,24,32,3,Gulf Toadfish,Opsanus beta,0,0,30,17.24,101
9/24/2025,267,2025,2026,WET,9,24,33,3,Gulf Toadfish,Opsanus beta,0,0,29.7,16.61,117
9/24/2025,267,2025,2026,WET,9,24,34,3,Gulf Toadfish,Opsanus beta,0,0,29.9,16.88,114
9/24/2025,267,2025,2026,WET,9,24,35,3,Gulf Toadfish,Opsanus beta,0,0,30.2,17.2,124
9/24/2025,267,2025,2026,WET,9,24,36,3,Gulf Toadfish,Opsanus beta,0,0,30.4,17.12,121
9/24/2025,267,2025,2026,WET,9,24,37,3,Gulf Toadfish,Opsanus beta,0,0,30.4,17.36,122
9/5/2025,248,2025,2026,WET,9,5,38,3,Gulf Toadfish,Opsanus beta,0,0,30.9,31.06,86
9/5/2025,248,2025,2026,WET,9,5,39,3,Gulf Toadfish,Opsanus beta,0,0,32.4,32.48,98
9/5/2025,248,2025,2026,WET,9,5,40,3,Gulf Toadfish,Opsanus beta,1,3,30.4,32.12,110
9/5/2025,248,2025,2026,WET,9,5,41,3,Gulf Toadfish,Opsanus beta,0,0,30,32.15,110
9/5/2025,248,2025,2026,WET,9,5,42,3,Gulf Toadfish,Opsanus beta,0,0,30.6,32.9,122
9/5/2025,248,2025,2026,WET,9,5,43,3,Gulf Toadfish,Opsanus beta,0,0,30.3,32.63,115
9/5/2025,248,2025,2026,WET,9,5,44,3,Gulf Toadfish,Opsanus beta,1,1,30.4,32.61,102
9/5/2025,248,2025,2026,WET,9,5,45,3,Gulf Toadfish,Opsanus beta,0,0,30.6,32.98,110
9/5/2025,248,2025,2026,WET,9,5,46,3,Gulf Toadfish,Opsanus beta,0,0,30,31.94,96
9/5/2025,248,2025,2026,WET,9,5,47,3,Gulf Toadfish,Opsanus beta,0,0,29.9,32.75,135
