"Date","CYR","fSeason","JDay","Time2","fSite","num"
"2008-01-09",2008,"DRY",1074,"12:33","21",0
"2008-01-09",2008,"DRY",1074,"13:06","20",0
"2008-01-09",2008,"DRY",1074,"13:37","19",0
"2008-01-09",2008,"DRY",1074,"14:11","18",0
"2008-01-10",2008,"DRY",1075,"08:04","17",0
"2008-01-10",2008,"DRY",1075,"09:25","16",0
"2008-01-10",2008,"DRY",1075,"09:51","15",1
"2008-01-10",2008,"DRY",1075,"10:21","14",0
"2008-01-10",2008,"DRY",1075,"10:53","13",0
"2008-01-10",2008,"DRY",1075,"11:23","12",0
"2008-01-10",2008,"DRY",1075,"12:04","10",0
"2008-01-10",2008,"DRY",1075,"12:13","11",0
"2008-01-10",2008,"DRY",1075,"13:07","9",0
"2008-01-13",2008,"DRY",1078,"09:38","8",0
"2008-01-13",2008,"DRY",1078,"10:23","7",0
"2008-01-13",2008,"DRY",1078,"10:55","6",0
"2008-01-13",2008,"DRY",1078,"11:21","5",1
"2008-01-13",2008,"DRY",1078,"11:49","4",0
"2008-01-13",2008,"DRY",1078,"12:26","3",0
"2008-01-13",2008,"DRY",1078,"12:59","2",0
"2008-01-13",2008,"DRY",1078,"13:31","1",0
"2008-07-01",2008,"WET",1248,"09:47","47",6
"2008-07-01",2008,"WET",1248,"10:28","46",0
"2008-07-01",2008,"WET",1248,"10:56","45",5
"2008-07-01",2008,"WET",1248,"11:43","44",0
"2008-07-01",2008,"WET",1248,"12:14","43",15
"2008-07-01",2008,"WET",1248,"12:48","42",7
"2008-07-01",2008,"WET",1248,"13:16","41",12
"2008-07-01",2008,"WET",1248,"13:45","40",0
"2008-07-03",2008,"WET",1250,"08:45","39",1
"2008-07-03",2008,"WET",1250,"09:05","36",2
"2008-07-03",2008,"WET",1250,"09:16","38",1
"2008-07-03",2008,"WET",1250,"10:15","37",0
"2008-07-03",2008,"WET",1250,"10:42","35",0
"2008-07-03",2008,"WET",1250,"11:09","34",3
"2008-07-03",2008,"WET",1250,"11:49","33",0
"2008-07-03",2008,"WET",1250,"12:16","32",0
"2008-07-03",2008,"WET",1250,"12:37","31",0
"2008-07-17",2008,"WET",1264,"08:27","30",0
"2008-07-17",2008,"WET",1264,"09:21","29",1
"2008-07-17",2008,"WET",1264,"09:42","28",2
"2008-07-17",2008,"WET",1264,"10:05","27",0
"2008-07-17",2008,"WET",1264,"10:28","26",0
"2008-07-17",2008,"WET",1264,"10:53","25",0
"2008-07-17",2008,"WET",1264,"11:01","24",0
"2008-07-17",2008,"WET",1264,"11:34","23",0
"2008-07-17",2008,"WET",1264,"11:54","22",0
"2008-07-17",2008,"WET",1264,"12:29","21",0
"2008-07-17",2008,"WET",1264,"13:18","19",0
"2008-07-17",2008,"WET",1264,"13:46","18",1
"2008-07-17",2008,"WET",1264,"15:53","20",1
"2008-07-18",2008,"WET",1265,"08:19","8",0
"2008-07-18",2008,"WET",1265,"08:44","9",1
"2008-07-18",2008,"WET",1265,"09:04","10",5
"2008-07-18",2008,"WET",1265,"09:24","11",0
"2008-07-18",2008,"WET",1265,"09:47","12",0
"2008-07-18",2008,"WET",1265,"10:11","13",0
"2008-07-18",2008,"WET",1265,"10:36","14",1
"2008-07-18",2008,"WET",1265,"10:59","15",15
"2008-07-18",2008,"WET",1265,"11:04","17",1
"2008-07-18",2008,"WET",1265,"11:21","16",0
"2008-07-21",2008,"WET",1268,"07:45","7",4
"2008-07-21",2008,"WET",1268,"08:26","6",0
"2008-07-21",2008,"WET",1268,"09:02","5",1
"2008-07-21",2008,"WET",1268,"09:32","4",0
"2008-07-21",2008,"WET",1268,"09:56","3",1
"2008-07-21",2008,"WET",1268,"10:27","2",0
"2008-07-21",2008,"WET",1268,"10:52","1",0
"2009-01-12",2009,"DRY",1443,"09:54","47",1
"2009-01-12",2009,"DRY",1443,"10:32","46",0
"2009-01-12",2009,"DRY",1443,"10:51","45",0
"2009-01-12",2009,"DRY",1443,"11:29","44",0
"2009-01-12",2009,"DRY",1443,"11:58","43",0
"2009-01-12",2009,"DRY",1443,"12:21","42",0
"2009-01-12",2009,"DRY",1443,"12:44","41",0
"2009-01-12",2009,"DRY",1443,"13:07","40",0
"2009-01-12",2009,"DRY",1443,"13:42","39",0
"2009-01-12",2009,"DRY",1443,"14:02","38",0
"2009-01-13",2009,"DRY",1444,"09:51","31",0
"2009-01-13",2009,"DRY",1444,"10:08","30",0
"2009-01-13",2009,"DRY",1444,"10:16","32",0
"2009-01-13",2009,"DRY",1444,"10:44","33",0
"2009-01-13",2009,"DRY",1444,"11:04","34",0
"2009-01-13",2009,"DRY",1444,"11:31","35",0
"2009-01-13",2009,"DRY",1444,"12:12","37",0
"2009-01-13",2009,"DRY",1444,"12:34","36",0
"2009-01-14",2009,"DRY",1445,"09:31","20",0
"2009-01-14",2009,"DRY",1445,"10:15","21",0
"2009-01-14",2009,"DRY",1445,"10:43","22",0
"2009-01-14",2009,"DRY",1445,"11:06","23",0
"2009-01-14",2009,"DRY",1445,"11:31","24",0
"2009-01-14",2009,"DRY",1445,"11:52","25",0
"2009-01-14",2009,"DRY",1445,"12:31","26",0
"2009-01-14",2009,"DRY",1445,"12:49","27",0
"2009-01-14",2009,"DRY",1445,"13:10","28",0
"2009-01-14",2009,"DRY",1445,"13:31","29",0
"2009-01-26",2009,"DRY",1457,"09:13","19",0
"2009-01-26",2009,"DRY",1457,"10:00","18",0
"2009-01-26",2009,"DRY",1457,"11:45","17",0
"2009-01-26",2009,"DRY",1457,"12:25","16",0
"2009-01-26",2009,"DRY",1457,"12:56","15",0
"2009-01-26",2009,"DRY",1457,"13:40","14",0
"2009-01-26",2009,"DRY",1457,"14:10","13",1
"2009-01-26",2009,"DRY",1457,"14:39","12",0
"2009-01-27",2009,"DRY",1458,"08:55","6",0
"2009-01-27",2009,"DRY",1458,"09:40","7",0
"2009-01-27",2009,"DRY",1458,"10:17","8",0
"2009-01-27",2009,"DRY",1458,"10:59","9",0
"2009-01-27",2009,"DRY",1458,"11:33","10",0
"2009-01-27",2009,"DRY",1458,"11:54","11",0
"2009-01-28",2009,"DRY",1459,"08:33","5",0
"2009-01-28",2009,"DRY",1459,"09:03","4",0
"2009-01-28",2009,"DRY",1459,"09:29","3",0
"2009-01-28",2009,"DRY",1459,"10:02","2",0
"2009-01-28",2009,"DRY",1459,"10:34","1",0
"2009-07-06",2009,"WET",1618,"09:00","18",0
"2009-07-06",2009,"WET",1618,"09:30","19",0
"2009-07-06",2009,"WET",1618,"10:01","20",0
"2009-07-06",2009,"WET",1618,"10:30","21",0
"2009-07-06",2009,"WET",1618,"10:57","22",0
"2009-07-06",2009,"WET",1618,"11:18","23",0
"2009-07-06",2009,"WET",1618,"11:54","24",0
"2009-07-06",2009,"WET",1618,"12:24","25",0
"2009-07-06",2009,"WET",1618,"12:53","26",0
"2009-07-06",2009,"WET",1618,"13:12","27",0
"2009-07-06",2009,"WET",1618,"13:38","28",0
"2009-07-06",2009,"WET",1618,"14:02","29",0
"2009-07-07",2009,"WET",1619,"07:49","30",0
"2009-07-07",2009,"WET",1619,"08:25","31",0
"2009-07-07",2009,"WET",1619,"09:08","32",0
"2009-07-07",2009,"WET",1619,"09:25","33",0
"2009-07-07",2009,"WET",1619,"09:58","34",0
"2009-07-07",2009,"WET",1619,"10:25","35",0
"2009-07-07",2009,"WET",1619,"10:48","37",0
"2009-07-07",2009,"WET",1619,"11:16","36",0
"2009-07-07",2009,"WET",1619,"12:00","38",1
"2009-07-07",2009,"WET",1619,"12:26","39",0
"2009-07-08",2009,"WET",1620,"08:33","40",6
"2009-07-08",2009,"WET",1620,"09:04","41",1
"2009-07-08",2009,"WET",1620,"09:33","42",1
"2009-07-08",2009,"WET",1620,"09:56","43",7
"2009-07-08",2009,"WET",1620,"10:16","44",1
"2009-07-08",2009,"WET",1620,"10:44","45",0
"2009-07-08",2009,"WET",1620,"11:15","46",0
"2009-07-08",2009,"WET",1620,"11:44","47",1
"2009-07-22",2009,"WET",1634,"08:54","17",0
"2009-07-22",2009,"WET",1634,"09:18","16",0
"2009-07-22",2009,"WET",1634,"09:39","15",0
"2009-07-22",2009,"WET",1634,"10:01","14",0
"2009-07-22",2009,"WET",1634,"10:24","13",0
"2009-07-22",2009,"WET",1634,"10:59","12",0
"2009-07-22",2009,"WET",1634,"11:31","11",0
"2009-07-22",2009,"WET",1634,"11:54","10",1
"2009-07-22",2009,"WET",1634,"12:18","9",0
"2009-07-22",2009,"WET",1634,"12:41","8",0
"2009-07-22",2009,"WET",1634,"13:13","7",0
"2009-07-23",2009,"WET",1635,"08:26","6",0
"2009-07-23",2009,"WET",1635,"08:57","5",0
"2009-07-23",2009,"WET",1635,"09:20","4",1
"2009-07-23",2009,"WET",1635,"09:51","3",0
"2009-07-23",2009,"WET",1635,"10:23","2",0
"2009-07-23",2009,"WET",1635,"10:59","1",0
"2010-01-15",2010,"DRY",1811,"09:21","40",1
"2010-01-15",2010,"DRY",1811,"09:43","41",0
"2010-01-15",2010,"DRY",1811,"10:05","42",0
"2010-01-15",2010,"DRY",1811,"11:24","37",0
"2010-01-15",2010,"DRY",1811,"11:58","36",0
"2010-01-15",2010,"DRY",1811,"12:23","38",0
"2010-01-15",2010,"DRY",1811,"12:47","39",0
"2010-01-19",2010,"DRY",1815,"09:39","35",0
"2010-01-19",2010,"DRY",1815,"10:08","34",0
"2010-01-19",2010,"DRY",1815,"10:24","33",0
"2010-01-19",2010,"DRY",1815,"10:48","32",0
"2010-01-19",2010,"DRY",1815,"11:24","31",0
"2010-01-19",2010,"DRY",1815,"11:49","30",0
"2010-01-19",2010,"DRY",1815,"12:53","27",0
"2010-01-19",2010,"DRY",1815,"13:12","26",0
"2010-01-19",2010,"DRY",1815,"13:31","25",0
"2010-01-20",2010,"DRY",1816,"09:17","24",0
"2010-01-20",2010,"DRY",1816,"09:38","23",0
"2010-01-20",2010,"DRY",1816,"09:54","22",0
"2010-01-20",2010,"DRY",1816,"10:12","21",0
"2010-01-20",2010,"DRY",1816,"10:33","20",0
"2010-01-20",2010,"DRY",1816,"10:58","19",0
"2010-01-20",2010,"DRY",1816,"11:36","18",0
"2010-01-20",2010,"DRY",1816,"12:05","17",0
"2010-01-20",2010,"DRY",1816,"12:24","16",0
"2010-01-20",2010,"DRY",1816,"12:43","15",0
"2010-01-20",2010,"DRY",1816,"13:06","14",0
"2010-01-20",2010,"DRY",1816,"13:28","13",0
"2010-01-21",2010,"DRY",1817,"10:51","6",0
"2010-01-21",2010,"DRY",1817,"11:17","5",0
"2010-01-21",2010,"DRY",1817,"11:37","4",0
"2010-01-21",2010,"DRY",1817,"11:58","3",0
"2010-01-21",2010,"DRY",1817,"12:16","2",0
"2010-01-21",2010,"DRY",1817,"12:37","1",0
"2010-07-01",2010,"WET",1978,"09:02","11",2
"2010-07-01",2010,"WET",1978,"09:33","10",5
"2010-07-01",2010,"WET",1978,"10:16","9",0
"2010-07-01",2010,"WET",1978,"10:39","8",2
"2010-07-01",2010,"WET",1978,"11:08","7",0
"2010-07-01",2010,"WET",1978,"11:33","6",0
"2010-07-01",2010,"WET",1978,"12:09","5",0
"2010-07-01",2010,"WET",1978,"12:29","4",0
"2010-07-01",2010,"WET",1978,"12:46","3",1
"2010-07-01",2010,"WET",1978,"13:11","2",0
"2010-07-01",2010,"WET",1978,"13:33","1",0
"2010-07-02",2010,"WET",1979,"08:33","20",1
"2010-07-02",2010,"WET",1979,"09:07","19",3
"2010-07-02",2010,"WET",1979,"09:40","18",0
"2010-07-02",2010,"WET",1979,"10:29","17",2
"2010-07-02",2010,"WET",1979,"10:49","16",0
"2010-07-02",2010,"WET",1979,"11:23","15",4
"2010-07-02",2010,"WET",1979,"11:53","14",0
"2010-07-02",2010,"WET",1979,"12:16","13",0
"2010-07-02",2010,"WET",1979,"12:39","12",0
"2010-07-09",2010,"WET",1986,"11:57","47",0
"2010-07-09",2010,"WET",1986,"12:17","46",0
"2010-07-09",2010,"WET",1986,"12:34","45",0
"2010-07-12",2010,"WET",1989,"09:24","44",0
"2010-07-12",2010,"WET",1989,"09:44","43",1
"2010-07-12",2010,"WET",1989,"10:08","41",0
"2010-07-12",2010,"WET",1989,"10:25","42",0
"2010-07-12",2010,"WET",1989,"10:42","40",0
"2010-07-12",2010,"WET",1989,"11:07","39",0
"2010-07-12",2010,"WET",1989,"11:35","38",0
"2010-07-12",2010,"WET",1989,"11:57","36",0
"2010-07-12",2010,"WET",1989,"12:15","37",0
"2010-07-12",2010,"WET",1989,"12:29","35",0
"2010-07-12",2010,"WET",1989,"12:50","34",0
"2010-07-13",2010,"WET",1990,"08:59","21",0
"2010-07-13",2010,"WET",1990,"09:20","22",0
"2010-07-13",2010,"WET",1990,"09:34","23",0
"2010-07-13",2010,"WET",1990,"09:50","24",0
"2010-07-13",2010,"WET",1990,"10:05","25",0
"2010-07-13",2010,"WET",1990,"10:22","26",0
"2010-07-13",2010,"WET",1990,"10:40","27",0
"2010-07-13",2010,"WET",1990,"11:12","28",0
"2010-07-13",2010,"WET",1990,"11:28","29",0
"2010-07-13",2010,"WET",1990,"11:49","30",0
"2010-07-13",2010,"WET",1990,"12:09","31",0
"2010-07-13",2010,"WET",1990,"12:27","32",0
"2010-07-13",2010,"WET",1990,"12:50","33",0
"2011-01-07",2011,"DRY",2168,"09:48","47",0
"2011-01-07",2011,"DRY",2168,"10:05","46",0
"2011-01-07",2011,"DRY",2168,"10:20","45",0
"2011-01-07",2011,"DRY",2168,"10:38","44",0
"2011-01-07",2011,"DRY",2168,"10:55","43",0
"2011-01-07",2011,"DRY",2168,"11:11","42",0
"2011-01-07",2011,"DRY",2168,"11:29","41",0
"2011-01-07",2011,"DRY",2168,"11:59","40",0
"2011-01-07",2011,"DRY",2168,"12:21","39",0
"2011-01-07",2011,"DRY",2168,"12:38","38",0
"2011-01-07",2011,"DRY",2168,"13:02","37",0
"2011-01-10",2011,"DRY",2171,"09:02","36",0
"2011-01-10",2011,"DRY",2171,"09:30","35",0
"2011-01-10",2011,"DRY",2171,"09:53","34",0
"2011-01-10",2011,"DRY",2171,"10:11","33",0
"2011-01-10",2011,"DRY",2171,"10:31","32",0
"2011-01-10",2011,"DRY",2171,"10:56","31",0
"2011-01-10",2011,"DRY",2171,"11:20","30",0
"2011-01-10",2011,"DRY",2171,"11:55","29",0
"2011-01-10",2011,"DRY",2171,"12:12","28",0
"2011-01-10",2011,"DRY",2171,"12:33","27",0
"2011-01-10",2011,"DRY",2171,"12:50","26",0
"2011-01-10",2011,"DRY",2171,"13:10","25",0
"2011-01-11",2011,"DRY",2172,"09:52","24",0
"2011-01-11",2011,"DRY",2172,"10:24","23",1
"2011-01-11",2011,"DRY",2172,"10:52","22",0
"2011-01-11",2011,"DRY",2172,"11:35","21",0
"2011-01-11",2011,"DRY",2172,"11:37","20",1
"2011-01-11",2011,"DRY",2172,"12:20","19",0
"2011-01-11",2011,"DRY",2172,"13:28","17",1
"2011-01-11",2011,"DRY",2172,"13:59","16",0
"2011-01-19",2011,"DRY",2180,"08:43","15",0
"2011-01-19",2011,"DRY",2180,"09:15","14",0
"2011-01-19",2011,"DRY",2180,"09:41","13",0
"2011-01-19",2011,"DRY",2180,"10:09","12",0
"2011-01-19",2011,"DRY",2180,"10:36","11",0
"2011-01-19",2011,"DRY",2180,"11:16","10",0
"2011-01-19",2011,"DRY",2180,"11:43","9",0
"2011-01-19",2011,"DRY",2180,"12:14","8",0
"2011-01-20",2011,"DRY",2181,"08:05","7",1
"2011-01-20",2011,"DRY",2181,"08:38","6",0
"2011-01-20",2011,"DRY",2181,"08:57","5",0
"2011-01-20",2011,"DRY",2181,"09:22","4",0
"2011-01-20",2011,"DRY",2181,"09:39","3",0
"2011-01-20",2011,"DRY",2181,"10:03","2",0
"2011-01-20",2011,"DRY",2181,"10:30","1",0
"2011-07-13",2011,"WET",2355,"12:44","47",1
"2011-07-14",2011,"WET",2356,"08:30","46",0
"2011-07-14",2011,"WET",2356,"09:00","45",6
"2011-07-14",2011,"WET",2356,"09:25","44",0
"2011-07-14",2011,"WET",2356,"09:45","43",8
"2011-07-14",2011,"WET",2356,"10:15","42",8
"2011-07-14",2011,"WET",2356,"10:41","41",0
"2011-07-14",2011,"WET",2356,"11:02","40",6
"2011-07-14",2011,"WET",2356,"11:34","39",2
"2011-07-14",2011,"WET",2356,"12:16","38",0
"2011-07-14",2011,"WET",2356,"12:42","36",0
"2011-07-14",2011,"WET",2356,"13:03","37",1
"2011-07-14",2011,"WET",2356,"13:23","35",0
"2011-07-14",2011,"WET",2356,"13:48","34",1
"2011-07-15",2011,"WET",2357,"09:01","33",0
"2011-07-15",2011,"WET",2357,"09:24","32",0
"2011-07-15",2011,"WET",2357,"09:56","31",0
"2011-07-15",2011,"WET",2357,"10:23","30",0
"2011-07-15",2011,"WET",2357,"10:51","29",0
"2011-07-15",2011,"WET",2357,"11:16","28",0
"2011-07-15",2011,"WET",2357,"12:03","27",0
"2011-07-15",2011,"WET",2357,"12:21","26",0
"2011-07-15",2011,"WET",2357,"12:43","25",0
"2011-07-15",2011,"WET",2357,"13:01","24",0
"2011-07-18",2011,"WET",2360,"08:21","23",0
"2011-07-18",2011,"WET",2360,"08:45","22",0
"2011-07-18",2011,"WET",2360,"09:02","21",0
"2011-07-18",2011,"WET",2360,"09:27","20",0
"2011-07-18",2011,"WET",2360,"09:57","19",0
"2011-07-18",2011,"WET",2360,"10:26","18",0
"2011-07-18",2011,"WET",2360,"11:19","17",19
"2011-07-18",2011,"WET",2360,"11:45","16",1
"2011-07-18",2011,"WET",2360,"12:06","15",0
"2011-07-18",2011,"WET",2360,"12:30","14",0
"2011-07-19",2011,"WET",2361,"08:00","13",10
"2011-07-19",2011,"WET",2361,"08:32","12",2
"2011-07-19",2011,"WET",2361,"09:02","11",0
"2011-07-19",2011,"WET",2361,"09:15","10",1
"2011-07-19",2011,"WET",2361,"09:36","9",0
"2011-07-19",2011,"WET",2361,"10:00","8",0
"2011-07-19",2011,"WET",2361,"10:26","7",0
"2011-07-19",2011,"WET",2361,"10:51","6",0
"2011-07-19",2011,"WET",2361,"11:30","5",0
"2011-07-19",2011,"WET",2361,"11:52","4",1
"2011-07-19",2011,"WET",2361,"12:13","3",9
"2011-07-19",2011,"WET",2361,"12:40","2",0
"2011-07-19",2011,"WET",2361,"13:09","1",1
"2012-01-11",2012,"DRY",2537,"12:13","47",0
"2012-01-12",2012,"DRY",2538,"09:21","46",0
"2012-01-12",2012,"DRY",2538,"09:37","45",1
"2012-01-12",2012,"DRY",2538,"10:01","44",2
"2012-01-12",2012,"DRY",2538,"10:22","43",0
"2012-01-12",2012,"DRY",2538,"10:43","42",0
"2012-01-12",2012,"DRY",2538,"11:07","41",0
"2012-01-12",2012,"DRY",2538,"11:25","40",0
"2012-01-12",2012,"DRY",2538,"12:08","39",0
"2012-01-12",2012,"DRY",2538,"12:32","38",0
"2012-01-12",2012,"DRY",2538,"12:54","37",0
"2012-01-12",2012,"DRY",2538,"13:16","36",0
"2012-01-12",2012,"DRY",2538,"13:30","35",0
"2012-01-13",2012,"DRY",2539,"09:46","34",0
"2012-01-13",2012,"DRY",2539,"10:10","33",0
"2012-01-13",2012,"DRY",2539,"10:30","32",0
"2012-01-13",2012,"DRY",2539,"10:51","31",0
"2012-01-13",2012,"DRY",2539,"11:13","30",0
"2012-01-13",2012,"DRY",2539,"11:49","29",0
"2012-01-13",2012,"DRY",2539,"12:10","28",1
"2012-01-13",2012,"DRY",2539,"12:33","27",1
"2012-01-24",2012,"DRY",2550,"08:10","26",0
"2012-01-24",2012,"DRY",2550,"08:37","25",0
"2012-01-24",2012,"DRY",2550,"08:58","24",0
"2012-01-24",2012,"DRY",2550,"09:16","23",0
"2012-01-24",2012,"DRY",2550,"09:34","22",0
"2012-01-24",2012,"DRY",2550,"09:56","21",0
"2012-01-24",2012,"DRY",2550,"10:18","20",0
"2012-01-24",2012,"DRY",2550,"10:43","19",0
"2012-01-24",2012,"DRY",2550,"11:07","18",0
"2012-01-24",2012,"DRY",2550,"11:56","17",0
"2012-01-24",2012,"DRY",2550,"12:16","16",0
"2012-01-24",2012,"DRY",2550,"12:37","15",0
"2012-01-25",2012,"DRY",2551,"09:20","1",0
"2012-01-25",2012,"DRY",2551,"09:53","2",0
"2012-01-25",2012,"DRY",2551,"10:29","3",0
"2012-01-25",2012,"DRY",2551,"10:52","4",0
"2012-01-25",2012,"DRY",2551,"11:15","5",0
"2012-01-25",2012,"DRY",2551,"12:00","6",0
"2012-01-25",2012,"DRY",2551,"12:30","7",0
"2012-01-25",2012,"DRY",2551,"13:04","8",0
"2012-01-26",2012,"DRY",2552,"08:38","9",0
"2012-01-26",2012,"DRY",2552,"09:02","10",0
"2012-01-26",2012,"DRY",2552,"09:19","11",0
"2012-01-26",2012,"DRY",2552,"09:44","12",0
"2012-01-26",2012,"DRY",2552,"10:07","13",0
"2012-01-26",2012,"DRY",2552,"10:33","14",0
"2012-08-14",2012,"WET",2753,"08:30","47",9
"2012-08-14",2012,"WET",2753,"09:21","46",0
"2012-08-14",2012,"WET",2753,"09:44","45",9
"2012-08-14",2012,"WET",2753,"10:18","44",0
"2012-08-14",2012,"WET",2753,"10:47","43",1
"2012-08-14",2012,"WET",2753,"11:19","42",0
"2012-08-14",2012,"WET",2753,"11:47","41",0
"2012-08-14",2012,"WET",2753,"12:29","40",0
"2012-08-14",2012,"WET",2753,"13:05","39",0
"2012-08-15",2012,"WET",2754,"09:33","35",0
"2012-08-15",2012,"WET",2754,"10:15","34",0
"2012-08-16",2012,"WET",2755,"08:34","38",0
"2012-08-16",2012,"WET",2755,"09:45","36",0
"2012-08-16",2012,"WET",2755,"10:11","37",3
"2012-08-16",2012,"WET",2755,"10:46","33",0
"2012-08-16",2012,"WET",2755,"11:19","32",0
"2012-08-16",2012,"WET",2755,"12:19","31",0
"2012-08-17",2012,"WET",2756,"08:53","30",0
"2012-08-17",2012,"WET",2756,"09:28","29",0
"2012-08-17",2012,"WET",2756,"09:57","28",0
"2012-08-17",2012,"WET",2756,"10:26","27",0
"2012-08-17",2012,"WET",2756,"10:52","26",0
"2012-08-17",2012,"WET",2756,"11:20","25",0
"2012-08-17",2012,"WET",2756,"12:08","24",2
"2012-08-17",2012,"WET",2756,"12:36","23",0
"2012-08-17",2012,"WET",2756,"12:59","22",0
"2012-08-17",2012,"WET",2756,"13:24","21",0
"2012-08-17",2012,"WET",2756,"13:57","20",1
"2012-08-18",2012,"WET",2757,"10:03","19",0
"2012-08-18",2012,"WET",2757,"10:37","18",0
"2012-08-18",2012,"WET",2757,"11:14","17",0
"2012-08-18",2012,"WET",2757,"11:41","16",0
"2012-08-18",2012,"WET",2757,"12:08","15",1
"2012-08-18",2012,"WET",2757,"12:36","14",0
"2012-08-18",2012,"WET",2757,"13:22","13",0
"2012-08-20",2012,"WET",2759,"11:06","12",0
"2012-08-20",2012,"WET",2759,"12:10","11",0
"2012-08-20",2012,"WET",2759,"12:32","10",0
"2012-08-20",2012,"WET",2759,"13:02","9",0
"2012-08-20",2012,"WET",2759,"13:42","8",0
"2012-08-20",2012,"WET",2759,"14:43","7",0
"2012-08-21",2012,"WET",2760,"11:45","6",0
"2012-08-21",2012,"WET",2760,"12:47","5",0
"2012-08-21",2012,"WET",2760,"13:38","4",1
"2012-08-21",2012,"WET",2760,"14:05","3",0
"2012-08-21",2012,"WET",2760,"14:39","2",0
"2012-08-21",2012,"WET",2760,"15:29","1",0
"2013-03-10",2013,"DRY",2961,"08:51","47",0
"2013-03-10",2013,"DRY",2961,"09:31","46",0
"2013-03-10",2013,"DRY",2961,"09:57","45",0
"2013-03-10",2013,"DRY",2961,"10:32","44",0
"2013-03-10",2013,"DRY",2961,"10:58","43",0
"2013-03-10",2013,"DRY",2961,"11:31","42",0
"2013-03-10",2013,"DRY",2961,"12:00","41",0
"2013-03-10",2013,"DRY",2961,"12:29","40",0
"2013-03-10",2013,"DRY",2961,"13:07","39",0
"2013-03-10",2013,"DRY",2961,"14:37","37",0
"2013-03-11",2013,"DRY",2962,"09:35","26",0
"2013-03-11",2013,"DRY",2962,"10:00","27",0
"2013-03-11",2013,"DRY",2962,"10:22","28",0
"2013-03-11",2013,"DRY",2962,"11:07","29",0
"2013-03-11",2013,"DRY",2962,"11:35","30",4
"2013-03-11",2013,"DRY",2962,"12:02","31",0
"2013-03-11",2013,"DRY",2962,"12:51","32",0
"2013-03-11",2013,"DRY",2962,"13:20","33",0
"2013-03-11",2013,"DRY",2962,"13:41","34",0
"2013-03-11",2013,"DRY",2962,"14:08","35",0
"2013-03-11",2013,"DRY",2962,"14:33","36",0
"2013-03-12",2013,"DRY",2963,"09:52","15",0
"2013-03-12",2013,"DRY",2963,"10:30","16",0
"2013-03-12",2013,"DRY",2963,"10:56","17",0
"2013-03-12",2013,"DRY",2963,"11:35","18",0
"2013-03-12",2013,"DRY",2963,"12:05","19",0
"2013-03-12",2013,"DRY",2963,"12:40","20",0
"2013-03-12",2013,"DRY",2963,"13:23","21",0
"2013-03-12",2013,"DRY",2963,"13:49","22",0
"2013-03-12",2013,"DRY",2963,"14:16","23",0
"2013-03-12",2013,"DRY",2963,"14:43","24",0
"2013-03-12",2013,"DRY",2963,"15:15","25",0
"2013-03-13",2013,"DRY",2964,"10:08","7",0
"2013-03-13",2013,"DRY",2964,"11:15","8",0
"2013-03-13",2013,"DRY",2964,"11:40","9",0
"2013-03-13",2013,"DRY",2964,"12:11","10",2
"2013-03-13",2013,"DRY",2964,"12:43","11",0
"2013-03-13",2013,"DRY",2964,"13:45","12",0
"2013-03-13",2013,"DRY",2964,"14:14","13",0
"2013-03-13",2013,"DRY",2964,"15:10","14",0
"2013-03-14",2013,"DRY",2965,"09:54","6",0
"2013-03-14",2013,"DRY",2965,"10:54","5",0
"2013-03-14",2013,"DRY",2965,"11:30","4",0
"2013-03-14",2013,"DRY",2965,"11:50","3",0
"2013-03-14",2013,"DRY",2965,"12:25","2",0
"2013-03-14",2013,"DRY",2965,"13:10","1",0
"2013-09-03",2013,"WET",3138,"09:16","39",0
"2013-09-03",2013,"WET",3138,"09:59","40",1
"2013-09-03",2013,"WET",3138,"10:27","41",0
"2013-09-03",2013,"WET",3138,"10:57","42",0
"2013-09-03",2013,"WET",3138,"11:23","43",1
"2013-09-03",2013,"WET",3138,"11:58","44",2
"2013-09-03",2013,"WET",3138,"12:26","45",1
"2013-09-03",2013,"WET",3138,"12:53","46",0
"2013-09-03",2013,"WET",3138,"13:26","47",1
"2013-09-04",2013,"WET",3139,"09:06","38",0
"2013-09-04",2013,"WET",3139,"10:11","37",0
"2013-09-04",2013,"WET",3139,"10:40","36",0
"2013-09-04",2013,"WET",3139,"11:03","35",0
"2013-09-04",2013,"WET",3139,"11:27","34",0
"2013-09-04",2013,"WET",3139,"11:54","33",0
"2013-09-04",2013,"WET",3139,"12:25","32",0
"2013-09-04",2013,"WET",3139,"12:56","31",0
"2013-09-04",2013,"WET",3139,"13:31","30",0
"2013-09-04",2013,"WET",3139,"14:13","27",0
"2013-09-05",2013,"WET",3140,"09:02","29",0
"2013-09-05",2013,"WET",3140,"09:30","28",1
"2013-09-05",2013,"WET",3140,"10:00","26",0
"2013-09-05",2013,"WET",3140,"10:21","25",0
"2013-09-05",2013,"WET",3140,"10:45","24",0
"2013-09-05",2013,"WET",3140,"11:06","23",0
"2013-09-05",2013,"WET",3140,"11:26","22",0
"2013-09-05",2013,"WET",3140,"11:45","21",2
"2013-09-05",2013,"WET",3140,"12:08","20",1
"2013-09-05",2013,"WET",3140,"12:41","19",0
"2013-09-05",2013,"WET",3140,"13:08","18",1
"2013-09-05",2013,"WET",3140,"13:47","17",0
"2013-09-05",2013,"WET",3140,"14:07","16",0
"2013-09-05",2013,"WET",3140,"14:30","15",0
"2013-09-06",2013,"WET",3141,"09:45","14",0
"2013-09-06",2013,"WET",3141,"10:31","13",0
"2013-09-06",2013,"WET",3141,"10:54","12",0
"2013-09-06",2013,"WET",3141,"11:45","11",0
"2013-09-06",2013,"WET",3141,"12:15","10",0
"2013-09-06",2013,"WET",3141,"12:38","9",0
"2013-09-06",2013,"WET",3141,"13:00","8",0
"2013-09-06",2013,"WET",3141,"13:55","7",1
"2013-09-08",2013,"WET",3143,"09:36","6",1
"2013-09-08",2013,"WET",3143,"10:49","5",0
"2013-09-08",2013,"WET",3143,"11:14","4",0
"2013-09-08",2013,"WET",3143,"11:35","3",0
"2013-09-08",2013,"WET",3143,"12:04","2",0
"2013-09-08",2013,"WET",3143,"12:33","1",2
"2014-03-14",2014,"DRY",3330,"08:45","47",0
"2014-03-14",2014,"DRY",3330,"09:21","46",0
"2014-03-14",2014,"DRY",3330,"09:44","45",0
"2014-03-14",2014,"DRY",3330,"10:12","44",0
"2014-03-14",2014,"DRY",3330,"10:55","43",0
"2014-03-14",2014,"DRY",3330,"11:28","42",0
"2014-03-14",2014,"DRY",3330,"11:56","41",0
"2014-03-14",2014,"DRY",3330,"12:21","40",0
"2014-03-15",2014,"DRY",3331,"09:31","39",0
"2014-03-15",2014,"DRY",3331,"09:58","38",0
"2014-03-15",2014,"DRY",3331,"10:55","37",0
"2014-03-15",2014,"DRY",3331,"11:22","36",0
"2014-03-15",2014,"DRY",3331,"11:53","35",0
"2014-03-15",2014,"DRY",3331,"12:18","34",0
"2014-03-15",2014,"DRY",3331,"12:46","33",1
"2014-03-15",2014,"DRY",3331,"13:12","32",0
"2014-03-15",2014,"DRY",3331,"13:36","31",1
"2014-03-15",2014,"DRY",3331,"14:10","30",0
"2014-03-15",2014,"DRY",3331,"14:43","29",2
"2014-03-15",2014,"DRY",3331,"15:03","28",0
"2014-03-15",2014,"DRY",3331,"15:29","27",7
"2014-03-16",2014,"DRY",3332,"10:29","17",0
"2014-03-16",2014,"DRY",3332,"11:37","18",2
"2014-03-16",2014,"DRY",3332,"12:15","19",0
"2014-03-16",2014,"DRY",3332,"12:50","20",0
"2014-03-16",2014,"DRY",3332,"13:15","21",0
"2014-03-16",2014,"DRY",3332,"13:33","22",0
"2014-03-16",2014,"DRY",3332,"13:58","23",0
"2014-03-16",2014,"DRY",3332,"14:18","24",0
"2014-03-16",2014,"DRY",3332,"14:41","25",0
"2014-03-16",2014,"DRY",3332,"15:08","26",0
"2014-03-31",2014,"DRY",3347,"09:13","16",0
"2014-03-31",2014,"DRY",3347,"09:48","15",1
"2014-03-31",2014,"DRY",3347,"10:16","14",0
"2014-03-31",2014,"DRY",3347,"11:18","13",0
"2014-03-31",2014,"DRY",3347,"11:53","12",0
"2014-03-31",2014,"DRY",3347,"13:00","11",0
"2014-03-31",2014,"DRY",3347,"13:27","10",0
"2014-03-31",2014,"DRY",3347,"13:57","9",1
"2014-04-01",2014,"DRY",3348,"09:44","8",0
"2014-04-01",2014,"DRY",3348,"10:41","7",0
"2014-04-01",2014,"DRY",3348,"11:15","6",0
"2014-04-01",2014,"DRY",3348,"12:15","5",0
"2014-04-01",2014,"DRY",3348,"12:42","4",0
"2014-04-01",2014,"DRY",3348,"13:02","3",1
"2014-04-01",2014,"DRY",3348,"13:34","2",0
"2014-04-01",2014,"DRY",3348,"14:03","1",0
"2014-08-25",2014,"WET",3494,"08:45","47",0
"2014-08-25",2014,"WET",3494,"09:13","46",0
"2014-08-25",2014,"WET",3494,"09:34","45",0
"2014-08-25",2014,"WET",3494,"10:00","44",0
"2014-08-25",2014,"WET",3494,"10:18","43",0
"2014-08-25",2014,"WET",3494,"10:40","42",0
"2014-08-25",2014,"WET",3494,"11:05","41",0
"2014-08-25",2014,"WET",3494,"11:27","40",0
"2014-08-25",2014,"WET",3494,"12:05","39",0
"2014-08-26",2014,"WET",3495,"08:55","38",0
"2014-08-26",2014,"WET",3495,"09:54","37",0
"2014-08-26",2014,"WET",3495,"10:15","36",0
"2014-08-26",2014,"WET",3495,"10:36","35",0
"2014-08-26",2014,"WET",3495,"11:00","34",0
"2014-08-26",2014,"WET",3495,"11:24","33",0
"2014-08-26",2014,"WET",3495,"12:02","32",0
"2014-08-26",2014,"WET",3495,"12:25","31",0
"2014-08-26",2014,"WET",3495,"12:53","30",0
"2014-08-26",2014,"WET",3495,"13:22","29",0
"2014-08-26",2014,"WET",3495,"13:44","27",0
"2014-08-26",2014,"WET",3495,"14:08","28",0
"2014-08-27",2014,"WET",3496,"09:25","18",0
"2014-08-27",2014,"WET",3496,"09:55","19",0
"2014-08-27",2014,"WET",3496,"10:20","20",0
"2014-08-27",2014,"WET",3496,"10:48","21",0
"2014-08-27",2014,"WET",3496,"11:12","22",0
"2014-08-27",2014,"WET",3496,"11:45","23",0
"2014-08-27",2014,"WET",3496,"12:09","24",0
"2014-08-27",2014,"WET",3496,"12:30","25",0
"2014-08-27",2014,"WET",3496,"13:00","26",0
"2014-09-08",2014,"WET",3508,"08:47","1",0
"2014-09-09",2014,"WET",3509,"07:58","7",0
"2014-09-09",2014,"WET",3509,"09:00","8",0
"2014-09-09",2014,"WET",3509,"09:20","9",0
"2014-09-09",2014,"WET",3509,"09:46","10",0
"2014-09-09",2014,"WET",3509,"10:10","11",0
"2014-09-09",2014,"WET",3509,"10:55","12",0
"2014-09-09",2014,"WET",3509,"11:19","13",0
"2014-09-09",2014,"WET",3509,"12:05","14",0
"2014-09-09",2014,"WET",3509,"12:37","15",0
"2014-09-09",2014,"WET",3509,"13:00","16",0
"2014-09-09",2014,"WET",3509,"13:24","17",0
"2015-03-17",2015,"DRY",3698,"08:20","47",0
"2015-03-17",2015,"DRY",3698,"10:01","46",0
"2015-03-17",2015,"DRY",3698,"10:35","45",0
"2015-03-17",2015,"DRY",3698,"11:18","44",0
"2015-03-17",2015,"DRY",3698,"11:55","43",0
"2015-03-17",2015,"DRY",3698,"12:40","42",0
"2015-03-18",2015,"DRY",3699,"08:48","40",0
"2015-03-18",2015,"DRY",3699,"09:27","41",0
"2015-03-18",2015,"DRY",3699,"10:00","39",0
"2015-03-18",2015,"DRY",3699,"10:41","38",0
"2015-03-18",2015,"DRY",3699,"11:17","37",0
"2015-03-18",2015,"DRY",3699,"11:51","36",0
"2015-03-18",2015,"DRY",3699,"12:20","35",0
"2015-03-18",2015,"DRY",3699,"13:05","34",0
"2015-03-18",2015,"DRY",3699,"13:34","33",2
"2015-03-18",2015,"DRY",3699,"14:12","32",0
"2015-03-19",2015,"DRY",3700,"09:24","31",0
"2015-03-19",2015,"DRY",3700,"10:08","30",0
"2015-03-19",2015,"DRY",3700,"10:45","29",0
"2015-03-19",2015,"DRY",3700,"11:15","28",0
"2015-03-19",2015,"DRY",3700,"11:46","27",0
"2015-03-19",2015,"DRY",3700,"12:13","26",0
"2015-03-19",2015,"DRY",3700,"12:38","25",0
"2015-03-19",2015,"DRY",3700,"13:04","24",0
"2015-03-19",2015,"DRY",3700,"13:31","23",0
"2015-03-19",2015,"DRY",3700,"13:58","22",0
"2015-03-20",2015,"DRY",3701,"09:53","21",0
"2015-03-20",2015,"DRY",3701,"10:30","20",0
"2015-03-20",2015,"DRY",3701,"11:01","19",0
"2015-03-20",2015,"DRY",3701,"11:33","18",0
"2015-04-01",2015,"DRY",3713,"08:11","17",0
"2015-04-01",2015,"DRY",3713,"08:45","16",0
"2015-04-01",2015,"DRY",3713,"09:19","15",1
"2015-04-01",2015,"DRY",3713,"09:50","14",0
"2015-04-01",2015,"DRY",3713,"10:19","13",0
"2015-04-01",2015,"DRY",3713,"10:51","12",0
"2015-04-01",2015,"DRY",3713,"11:42","11",0
"2015-04-01",2015,"DRY",3713,"12:05","10",0
"2015-04-02",2015,"DRY",3714,"08:18","9",0
"2015-04-02",2015,"DRY",3714,"08:45","8",0
"2015-04-02",2015,"DRY",3714,"09:24","6",0
"2015-04-02",2015,"DRY",3714,"10:03","7",0
"2015-04-02",2015,"DRY",3714,"10:38","5",0
"2015-04-02",2015,"DRY",3714,"11:07","4",0
"2015-04-02",2015,"DRY",3714,"11:40","3",0
"2015-04-02",2015,"DRY",3714,"12:11","2",0
"2015-04-02",2015,"DRY",3714,"12:45","1",0
"2015-09-10",2015,"WET",3875,"08:30","47",0
"2015-09-10",2015,"WET",3875,"09:06","46",0
"2015-09-10",2015,"WET",3875,"09:27","45",0
"2015-09-10",2015,"WET",3875,"09:56","44",0
"2015-09-10",2015,"WET",3875,"10:18","43",0
"2015-09-10",2015,"WET",3875,"10:46","42",0
"2015-09-10",2015,"WET",3875,"11:12","41",0
"2015-09-10",2015,"WET",3875,"11:37","40",0
"2015-09-10",2015,"WET",3875,"12:27","39",0
"2015-09-10",2015,"WET",3875,"12:52","38",0
"2015-09-11",2015,"WET",3876,"09:25","37",2
"2015-09-11",2015,"WET",3876,"09:53","36",0
"2015-09-11",2015,"WET",3876,"10:38","35",0
"2015-09-11",2015,"WET",3876,"11:08","34",0
"2015-09-11",2015,"WET",3876,"11:33","33",0
"2015-09-11",2015,"WET",3876,"12:02","32",1
"2015-09-11",2015,"WET",3876,"12:32","31",2
"2015-09-12",2015,"WET",3877,"09:03","30",0
"2015-09-12",2015,"WET",3877,"09:34","29",0
"2015-09-12",2015,"WET",3877,"09:55","28",0
"2015-09-12",2015,"WET",3877,"10:19","27",0
"2015-09-12",2015,"WET",3877,"10:41","26",0
"2015-09-12",2015,"WET",3877,"11:04","25",0
"2015-09-12",2015,"WET",3877,"11:28","24",0
"2015-09-12",2015,"WET",3877,"11:59","23",0
"2015-09-12",2015,"WET",3877,"12:20","22",0
"2015-09-12",2015,"WET",3877,"12:43","21",0
"2015-09-12",2015,"WET",3877,"13:05","20",0
"2015-09-12",2015,"WET",3877,"13:32","19",0
"2015-09-12",2015,"WET",3877,"13:59","18",0
"2015-09-14",2015,"WET",3879,"10:17","17",0
"2015-09-14",2015,"WET",3879,"10:42","16",0
"2015-09-14",2015,"WET",3879,"11:03","15",0
"2015-09-14",2015,"WET",3879,"11:33","14",1
"2015-09-14",2015,"WET",3879,"12:26","13",0
"2015-09-14",2015,"WET",3879,"12:48","12",0
"2015-09-14",2015,"WET",3879,"13:45","11",0
"2015-09-14",2015,"WET",3879,"14:04","10",0
"2015-09-14",2015,"WET",3879,"14:28","9",0
"2015-09-14",2015,"WET",3879,"14:52","8",0
"2015-09-16",2015,"WET",3881,"10:46","7",0
"2015-09-16",2015,"WET",3881,"11:09","6",0
"2015-09-16",2015,"WET",3881,"12:02","5",0
"2015-09-16",2015,"WET",3881,"12:30","4",2
"2015-09-16",2015,"WET",3881,"12:58","3",0
"2015-09-16",2015,"WET",3881,"13:20","2",0
"2015-09-16",2015,"WET",3881,"13:48","1",0
"2016-03-20",2016,"DRY",4067,"09:43","47",0
"2016-03-20",2016,"DRY",4067,"10:34","46",0
"2016-03-20",2016,"DRY",4067,"11:06","45",0
"2016-03-20",2016,"DRY",4067,"11:42","44",0
"2016-03-20",2016,"DRY",4067,"12:21","43",0
"2016-03-20",2016,"DRY",4067,"12:51","42",0
"2016-03-24",2016,"DRY",4071,"09:37","41",1
"2016-03-24",2016,"DRY",4071,"10:53","40",0
"2016-03-24",2016,"DRY",4071,"11:34","39",0
"2016-03-24",2016,"DRY",4071,"12:10","38",0
"2016-03-24",2016,"DRY",4071,"12:50","37",0
"2016-03-24",2016,"DRY",4071,"14:03","36",0
"2016-03-24",2016,"DRY",4071,"14:28","35",0
"2016-03-28",2016,"DRY",4075,"11:40","34",0
"2016-03-28",2016,"DRY",4075,"12:21","33",0
"2016-03-28",2016,"DRY",4075,"13:08","32",0
"2016-03-28",2016,"DRY",4075,"13:40","31",0
"2016-03-28",2016,"DRY",4075,"14:27","30",0
"2016-03-28",2016,"DRY",4075,"15:10","29",1
"2016-03-28",2016,"DRY",4075,"15:42","28",0
"2016-03-29",2016,"DRY",4076,"11:30","27",0
"2016-03-29",2016,"DRY",4076,"12:13","26",0
"2016-03-29",2016,"DRY",4076,"13:01","25",0
"2016-03-29",2016,"DRY",4076,"13:29","24",0
"2016-04-05",2016,"DRY",4083,"08:07","23",0
"2016-04-05",2016,"DRY",4083,"08:45","22",0
"2016-04-05",2016,"DRY",4083,"09:15","21",0
"2016-04-05",2016,"DRY",4083,"09:49","20",1
"2016-04-05",2016,"DRY",4083,"10:29","19",1
"2016-04-05",2016,"DRY",4083,"11:04","18",0
"2016-04-05",2016,"DRY",4083,"11:55","17",0
"2016-04-05",2016,"DRY",4083,"12:27","16",0
"2016-04-05",2016,"DRY",4083,"12:58","15",1
"2016-04-05",2016,"DRY",4083,"13:36","14",0
"2016-04-07",2016,"DRY",4085,"09:25","13",1
"2016-04-07",2016,"DRY",4085,"09:58","12",0
"2016-04-07",2016,"DRY",4085,"11:12","11",1
"2016-04-07",2016,"DRY",4085,"11:40","10",0
"2016-04-07",2016,"DRY",4085,"12:19","9",0
"2016-04-07",2016,"DRY",4085,"12:59","8",0
"2016-04-07",2016,"DRY",4085,"14:04","7",0
"2016-04-08",2016,"DRY",4086,"08:43","6",0
"2016-04-08",2016,"DRY",4086,"09:53","5",1
"2016-04-08",2016,"DRY",4086,"10:26","4",0
"2016-04-08",2016,"DRY",4086,"10:51","3",0
"2016-04-08",2016,"DRY",4086,"11:24","2",0
"2016-04-08",2016,"DRY",4086,"12:06","1",1
"2016-09-01",2016,"WET",4232,"09:14","47",0
"2016-09-01",2016,"WET",4232,"10:14","46",0
"2016-09-01",2016,"WET",4232,"10:51","45",0
"2016-09-01",2016,"WET",4232,"11:38","44",0
"2016-09-01",2016,"WET",4232,"12:22","43",0
"2016-09-01",2016,"WET",4232,"13:07","42",0
"2016-09-01",2016,"WET",4232,"13:54","41",0
"2016-09-01",2016,"WET",4232,"14:27","40",0
"2016-09-02",2016,"WET",4233,"09:28","39",0
"2016-09-02",2016,"WET",4233,"10:11","38",0
"2016-09-02",2016,"WET",4233,"11:28","37",0
"2016-09-02",2016,"WET",4233,"12:03","36",0
"2016-09-02",2016,"WET",4233,"12:30","35",0
"2016-09-02",2016,"WET",4233,"13:06","34",0
"2016-09-14",2016,"WET",4245,"08:23","33",0
"2016-09-14",2016,"WET",4245,"09:03","32",0
"2016-09-14",2016,"WET",4245,"09:38","31",0
"2016-09-14",2016,"WET",4245,"10:16","30",0
"2016-09-14",2016,"WET",4245,"10:54","29",0
"2016-09-14",2016,"WET",4245,"11:25","28",0
"2016-09-14",2016,"WET",4245,"12:01","27",0
"2016-09-14",2016,"WET",4245,"12:55","26",0
"2016-09-14",2016,"WET",4245,"13:31","25",0
"2016-09-14",2016,"WET",4245,"14:07","24",0
"2016-09-15",2016,"WET",4246,"08:22","20",0
"2016-09-15",2016,"WET",4246,"08:57","21",0
"2016-09-15",2016,"WET",4246,"09:25","22",0
"2016-09-15",2016,"WET",4246,"09:49","23",0
"2016-09-15",2016,"WET",4246,"10:34","17",0
"2016-09-15",2016,"WET",4246,"11:07","16",0
"2016-09-15",2016,"WET",4246,"11:40","15",0
"2016-09-15",2016,"WET",4246,"12:08","14",0
"2016-09-15",2016,"WET",4246,"13:36","18",0
"2016-09-15",2016,"WET",4246,"14:22","19",0
"2016-09-16",2016,"WET",4247,"08:29","12",0
"2016-09-16",2016,"WET",4247,"09:03","13",0
"2016-09-16",2016,"WET",4247,"10:15","11",0
"2016-09-16",2016,"WET",4247,"10:44","10",0
"2016-09-16",2016,"WET",4247,"11:18","9",0
"2016-09-16",2016,"WET",4247,"11:51","8",0
"2016-09-16",2016,"WET",4247,"13:13","7",0
"2016-09-17",2016,"WET",4248,"08:31","6",0
"2016-09-17",2016,"WET",4248,"09:32","5",0
"2016-09-17",2016,"WET",4248,"10:04","4",0
"2016-09-17",2016,"WET",4248,"10:30","3",0
"2016-09-17",2016,"WET",4248,"11:01","2",0
"2016-09-17",2016,"WET",4248,"11:42","1",0
"2017-03-10",2017,"DRY",4422,"07:50","47",0
"2017-03-10",2017,"DRY",4422,"08:42","46",0
"2017-03-10",2017,"DRY",4422,"09:15","45",1
"2017-03-10",2017,"DRY",4422,"10:00","44",1
"2017-03-10",2017,"DRY",4422,"10:50","43",0
"2017-03-10",2017,"DRY",4422,"11:33","42",0
"2017-03-10",2017,"DRY",4422,"12:10","41",0
"2017-03-11",2017,"DRY",4423,"07:02","40",2
"2017-03-11",2017,"DRY",4423,"08:03","39",0
"2017-03-11",2017,"DRY",4423,"08:38","38",0
"2017-03-11",2017,"DRY",4423,"09:43","37",0
"2017-03-11",2017,"DRY",4423,"10:15","36",0
"2017-03-11",2017,"DRY",4423,"10:50","35",0
"2017-03-11",2017,"DRY",4423,"11:30","34",0
"2017-03-11",2017,"DRY",4423,"11:53","33",0
"2017-03-11",2017,"DRY",4423,"12:35","32",0
"2017-03-11",2017,"DRY",4423,"13:10","31",0
"2017-03-12",2017,"DRY",4424,"08:42","29",0
"2017-03-12",2017,"DRY",4424,"09:47","27",0
"2017-03-12",2017,"DRY",4424,"10:20","26",0
"2017-03-12",2017,"DRY",4424,"10:53","25",1
"2017-03-12",2017,"DRY",4424,"11:27","24",0
"2017-03-12",2017,"DRY",4424,"11:55","23",0
"2017-03-12",2017,"DRY",4424,"12:25","22",0
"2017-03-12",2017,"DRY",4424,"13:24","20",0
"2017-03-12",2017,"DRY",4424,"13:57","19",0
"2017-03-13",2017,"DRY",4425,"08:16","17",2
"2017-03-13",2017,"DRY",4425,"09:12","16",0
"2017-03-13",2017,"DRY",4425,"09:46","15",0
"2017-03-13",2017,"DRY",4425,"10:23","14",0
"2017-03-13",2017,"DRY",4425,"11:32","13",1
"2017-03-13",2017,"DRY",4425,"11:56","12",0
"2017-03-13",2017,"DRY",4425,"13:12","11",0
"2017-03-13",2017,"DRY",4425,"13:32","10",3
"2017-03-13",2017,"DRY",4425,"14:09","9",0
"2017-03-14",2017,"DRY",4426,"08:19","8",0
"2017-03-14",2017,"DRY",4426,"09:37","7",1
"2017-03-14",2017,"DRY",4426,"10:24","6",0
"2017-03-14",2017,"DRY",4426,"11:22","5",0
"2017-03-14",2017,"DRY",4426,"11:52","4",0
"2017-03-14",2017,"DRY",4426,"12:23","3",0
"2017-03-14",2017,"DRY",4426,"13:11","2",0
"2017-03-14",2017,"DRY",4426,"14:00","1",0
"2017-10-02",2017,"WET",4628,"08:24","47",2
"2017-10-02",2017,"WET",4628,"09:28","46",1
"2017-10-02",2017,"WET",4628,"10:06","45",2
"2017-10-02",2017,"WET",4628,"10:57","44",18
"2017-10-02",2017,"WET",4628,"12:10","43",2
"2017-10-06",2017,"WET",4632,"09:10","42",0
"2017-10-06",2017,"WET",4632,"09:57","41",3
"2017-10-06",2017,"WET",4632,"10:39","40",1
"2017-10-06",2017,"WET",4632,"12:25","39",0
"2017-10-06",2017,"WET",4632,"13:01","38",0
"2017-10-07",2017,"WET",4633,"09:03","37",0
"2017-10-07",2017,"WET",4633,"09:49","36",0
"2017-10-07",2017,"WET",4633,"10:23","35",0
"2017-10-07",2017,"WET",4633,"11:02","34",0
"2017-10-07",2017,"WET",4633,"11:37","33",1
"2017-10-07",2017,"WET",4633,"12:32","32",0
"2017-10-07",2017,"WET",4633,"13:15","31",0
"2017-10-07",2017,"WET",4633,"14:21","30",1
"2017-10-08",2017,"WET",4634,"09:30","29",2
"2017-10-08",2017,"WET",4634,"10:22","28",0
"2017-10-08",2017,"WET",4634,"10:57","27",1
"2017-10-08",2017,"WET",4634,"11:26","26",1
"2017-10-08",2017,"WET",4634,"11:59","25",0
"2017-10-08",2017,"WET",4634,"12:27","24",0
"2017-10-08",2017,"WET",4634,"13:11","23",0
"2017-10-08",2017,"WET",4634,"13:40","22",0
"2017-10-08",2017,"WET",4634,"14:07","21",0
"2017-10-08",2017,"WET",4634,"14:40","20",0
"2017-10-08",2017,"WET",4634,"15:12","19",0
"2017-10-08",2017,"WET",4634,"15:50","18",0
"2017-10-10",2017,"WET",4636,"10:16","17",0
"2017-10-10",2017,"WET",4636,"11:01","16",0
"2017-10-10",2017,"WET",4636,"11:37","15",0
"2017-10-10",2017,"WET",4636,"12:16","14",1
"2017-10-10",2017,"WET",4636,"13:31","13",1
"2017-10-10",2017,"WET",4636,"14:20","12",1
"2017-10-11",2017,"WET",4637,"10:02","11",2
"2017-10-11",2017,"WET",4637,"11:11","10",0
"2017-10-11",2017,"WET",4637,"11:44","9",1
"2017-10-11",2017,"WET",4637,"12:20","8",0
"2017-10-11",2017,"WET",4637,"13:39","7",0
"2017-10-11",2017,"WET",4637,"14:43","3",0
"2017-10-11",2017,"WET",4637,"15:23","2",0
"2017-10-11",2017,"WET",4637,"16:26","1",0
"2017-10-13",2017,"WET",4639,"13:40","6",0
"2017-10-13",2017,"WET",4639,"16:08","5",0
"2017-10-13",2017,"WET",4639,"17:06","4",0
"2018-02-26",2018,"DRY",4775,"08:01","47",1
"2018-02-26",2018,"DRY",4775,"09:35","42",0
"2018-02-26",2018,"DRY",4775,"10:21","41",0
"2018-02-27",2018,"DRY",4776,"07:15","46",0
"2018-02-27",2018,"DRY",4776,"07:54","45",0
"2018-02-27",2018,"DRY",4776,"08:32","44",3
"2018-02-27",2018,"DRY",4776,"09:07","43",1
"2018-02-27",2018,"DRY",4776,"09:47","40",3
"2018-02-27",2018,"DRY",4776,"10:33","39",0
"2018-02-27",2018,"DRY",4776,"11:10","38",0
"2018-02-28",2018,"DRY",4777,"07:40","37",0
"2018-02-28",2018,"DRY",4777,"08:34","36",0
"2018-02-28",2018,"DRY",4777,"09:02","35",0
"2018-02-28",2018,"DRY",4777,"09:38","34",0
"2018-02-28",2018,"DRY",4777,"10:06","33",0
"2018-02-28",2018,"DRY",4777,"10:47","32",0
"2018-02-28",2018,"DRY",4777,"11:21","31",0
"2018-02-28",2018,"DRY",4777,"12:11","30",0
"2018-02-28",2018,"DRY",4777,"12:46","29",0
"2018-02-28",2018,"DRY",4777,"13:22","28",0
"2018-03-01",2018,"DRY",4778,"07:26","27",0
"2018-03-01",2018,"DRY",4778,"08:03","26",0
"2018-03-01",2018,"DRY",4778,"08:42","25",0
"2018-03-01",2018,"DRY",4778,"09:12","24",0
"2018-03-01",2018,"DRY",4778,"09:42","23",0
"2018-03-01",2018,"DRY",4778,"10:15","22",0
"2018-03-01",2018,"DRY",4778,"10:54","21",0
"2018-03-01",2018,"DRY",4778,"11:30","20",0
"2018-03-01",2018,"DRY",4778,"12:04","19",1
"2018-03-01",2018,"DRY",4778,"12:45","18",4
"2018-03-02",2018,"DRY",4779,"07:11","17",0
"2018-03-02",2018,"DRY",4779,"07:56","16",0
"2018-03-02",2018,"DRY",4779,"08:34","15",0
"2018-03-02",2018,"DRY",4779,"09:08","14",0
"2018-03-02",2018,"DRY",4779,"10:14","13",0
"2018-03-02",2018,"DRY",4779,"10:42","12",0
"2018-03-02",2018,"DRY",4779,"11:57","11",0
"2018-03-02",2018,"DRY",4779,"12:25","10",0
"2018-03-02",2018,"DRY",4779,"12:57","9",0
"2018-03-03",2018,"DRY",4780,"08:45","8",0
"2018-03-03",2018,"DRY",4780,"09:17","7",0
"2018-03-03",2018,"DRY",4780,"09:52","6",0
"2018-03-03",2018,"DRY",4780,"10:52","5",0
"2018-03-03",2018,"DRY",4780,"11:22","4",0
"2018-03-03",2018,"DRY",4780,"11:55","3",0
"2018-03-03",2018,"DRY",4780,"12:38","2",0
"2018-03-03",2018,"DRY",4780,"13:22","1",0
"2018-09-06",2018,"WET",4967,"07:17","46",0
"2018-09-06",2018,"WET",4967,"07:56","45",1
"2018-09-06",2018,"WET",4967,"08:37","44",1
"2018-09-06",2018,"WET",4967,"09:04","43",2
"2018-09-06",2018,"WET",4967,"09:34","42",0
"2018-09-06",2018,"WET",4967,"10:06","41",4
"2018-09-06",2018,"WET",4967,"10:36","40",1
"2018-09-06",2018,"WET",4967,"11:19","39",0
"2018-09-06",2018,"WET",4967,"11:48","38",0
"2018-09-06",2018,"WET",4967,"12:59","36",5
"2018-09-06",2018,"WET",4967,"14:53","47",0
"2018-09-07",2018,"WET",4968,"07:51","37",0
"2018-09-07",2018,"WET",4968,"08:27","35",0
"2018-09-07",2018,"WET",4968,"08:59","34",1
"2018-09-07",2018,"WET",4968,"09:26","33",0
"2018-09-07",2018,"WET",4968,"10:04","32",0
"2018-09-07",2018,"WET",4968,"10:32","31",0
"2018-09-07",2018,"WET",4968,"11:11","30",0
"2018-09-07",2018,"WET",4968,"11:44","29",0
"2018-09-07",2018,"WET",4968,"12:10","28",0
"2018-09-07",2018,"WET",4968,"12:36","27",0
"2018-09-07",2018,"WET",4968,"13:02","26",0
"2018-09-08",2018,"WET",4969,"07:45","25",0
"2018-09-08",2018,"WET",4969,"08:24","24",0
"2018-09-08",2018,"WET",4969,"08:52","23",0
"2018-09-08",2018,"WET",4969,"09:21","22",0
"2018-09-08",2018,"WET",4969,"09:51","21",0
"2018-09-08",2018,"WET",4969,"10:23","20",0
"2018-09-08",2018,"WET",4969,"10:57","19",0
"2018-09-08",2018,"WET",4969,"11:30","18",0
"2018-09-10",2018,"WET",4971,"08:38","17",0
"2018-09-10",2018,"WET",4971,"09:18","16",0
"2018-09-10",2018,"WET",4971,"09:45","15",0
"2018-09-10",2018,"WET",4971,"10:21","14",0
"2018-09-10",2018,"WET",4971,"11:20","13",0
"2018-09-10",2018,"WET",4971,"11:51","12",0
"2018-09-10",2018,"WET",4971,"13:07","11",0
"2018-09-10",2018,"WET",4971,"13:31","10",1
"2018-09-10",2018,"WET",4971,"14:13","9",0
"2018-09-11",2018,"WET",4972,"08:35","8",0
"2018-09-11",2018,"WET",4972,"09:42","7",0
"2018-09-11",2018,"WET",4972,"10:31","6",0
"2018-09-11",2018,"WET",4972,"11:58","5",0
"2018-09-11",2018,"WET",4972,"12:46","4",0
"2018-09-11",2018,"WET",4972,"13:15","3",0
"2018-09-11",2018,"WET",4972,"13:56","2",0
"2018-09-11",2018,"WET",4972,"14:37","1",0
"2019-03-03",2019,"DRY",5145,"07:12","47",2
"2019-03-03",2019,"DRY",5145,"08:15","46",0
"2019-03-03",2019,"DRY",5145,"08:45","45",1
"2019-03-03",2019,"DRY",5145,"09:25","44",1
"2019-03-03",2019,"DRY",5145,"09:52","43",2
"2019-03-03",2019,"DRY",5145,"10:24","42",0
"2019-03-03",2019,"DRY",5145,"11:04","41",4
"2019-03-03",2019,"DRY",5145,"11:40","40",0
"2019-03-03",2019,"DRY",5145,"12:26","39",0
"2019-03-03",2019,"DRY",5145,"13:00","38",0
"2019-03-04",2019,"DRY",5146,"07:39","37",1
"2019-03-04",2019,"DRY",5146,"08:06","36",0
"2019-03-04",2019,"DRY",5146,"08:29","35",0
"2019-03-04",2019,"DRY",5146,"09:01","34",0
"2019-03-04",2019,"DRY",5146,"09:29","33",0
"2019-03-04",2019,"DRY",5146,"10:03","32",0
"2019-03-04",2019,"DRY",5146,"10:32","31",0
"2019-03-04",2019,"DRY",5146,"11:04","30",1
"2019-03-04",2019,"DRY",5146,"11:39","29",1
"2019-03-04",2019,"DRY",5146,"12:06","28",0
"2019-03-05",2019,"DRY",5147,"07:12","27",3
"2019-03-05",2019,"DRY",5147,"07:49","26",1
"2019-03-05",2019,"DRY",5147,"08:25","25",0
"2019-03-05",2019,"DRY",5147,"08:54","24",0
"2019-03-05",2019,"DRY",5147,"09:23","23",0
"2019-03-05",2019,"DRY",5147,"09:55","22",0
"2019-03-05",2019,"DRY",5147,"10:28","21",0
"2019-03-05",2019,"DRY",5147,"11:02","20",0
"2019-03-05",2019,"DRY",5147,"11:37","19",0
"2019-03-05",2019,"DRY",5147,"12:10","18",0
"2019-03-05",2019,"DRY",5147,"13:02","17",1
"2019-03-05",2019,"DRY",5147,"13:33","16",1
"2019-03-08",2019,"DRY",5150,"08:05","15",1
"2019-03-08",2019,"DRY",5150,"08:50","14",0
"2019-03-08",2019,"DRY",5150,"09:44","13",0
"2019-03-08",2019,"DRY",5150,"10:16","12",0
"2019-03-11",2019,"DRY",5153,"12:27","11",0
"2019-03-11",2019,"DRY",5153,"12:50","10",0
"2019-03-11",2019,"DRY",5153,"13:19","9",0
"2019-03-11",2019,"DRY",5153,"13:47","8",0
"2019-03-11",2019,"DRY",5153,"14:43","7",2
"2019-03-11",2019,"DRY",5153,"15:23","6",0
"2019-03-12",2019,"DRY",5154,"10:50","5",0
"2019-03-12",2019,"DRY",5154,"11:32","4",0
"2019-03-12",2019,"DRY",5154,"12:02","3",0
"2019-03-12",2019,"DRY",5154,"12:39","2",0
"2019-03-12",2019,"DRY",5154,"13:24","1",0
"2019-09-11",2019,"WET",5337,"07:35","47",2
"2019-09-11",2019,"WET",5337,"08:37","46",0
"2019-09-11",2019,"WET",5337,"09:10","45",2
"2019-09-11",2019,"WET",5337,"10:07","44",4
"2019-09-11",2019,"WET",5337,"10:40","43",3
"2019-09-11",2019,"WET",5337,"11:49","41",1
"2019-09-11",2019,"WET",5337,"12:36","40",4
"2019-09-11",2019,"WET",5337,"13:26","39",0
"2019-09-12",2019,"WET",5338,"07:57","42",0
"2019-09-12",2019,"WET",5338,"09:11","38",0
"2019-09-12",2019,"WET",5338,"10:46","37",0
"2019-09-12",2019,"WET",5338,"11:20","36",0
"2019-09-12",2019,"WET",5338,"11:56","35",0
"2019-09-12",2019,"WET",5338,"12:36","34",2
"2019-09-12",2019,"WET",5338,"13:09","33",1
"2019-09-12",2019,"WET",5338,"13:50","32",0
"2019-09-12",2019,"WET",5338,"14:35","31",0
"2019-09-13",2019,"WET",5339,"08:31","30",0
"2019-09-13",2019,"WET",5339,"09:08","29",0
"2019-09-13",2019,"WET",5339,"09:39","28",1
"2019-09-13",2019,"WET",5339,"10:19","27",3
"2019-09-13",2019,"WET",5339,"11:30","26",0
"2019-09-13",2019,"WET",5339,"12:08","25",0
"2019-09-13",2019,"WET",5339,"13:07","24",0
"2019-09-16",2019,"WET",5342,"09:26","1",0
"2019-09-16",2019,"WET",5342,"10:07","2",0
"2019-09-16",2019,"WET",5342,"11:08","3",0
"2019-09-16",2019,"WET",5342,"11:42","4",0
"2019-09-16",2019,"WET",5342,"12:16","5",0
"2019-09-17",2019,"WET",5343,"09:45","23",0
"2019-09-17",2019,"WET",5343,"10:20","22",0
"2019-09-17",2019,"WET",5343,"10:58","21",0
"2019-09-17",2019,"WET",5343,"11:42","20",0
"2019-09-17",2019,"WET",5343,"12:15","19",0
"2019-09-17",2019,"WET",5343,"12:48","18",0
"2019-09-17",2019,"WET",5343,"13:42","17",0
"2019-09-17",2019,"WET",5343,"14:17","16",0
"2019-09-17",2019,"WET",5343,"14:50","15",2
"2019-09-18",2019,"WET",5344,"10:00","14",0
"2019-09-18",2019,"WET",5344,"11:01","13",0
"2019-09-18",2019,"WET",5344,"11:31","12",0
"2019-09-18",2019,"WET",5344,"12:45","11",1
"2019-09-18",2019,"WET",5344,"13:15","10",0
"2019-09-18",2019,"WET",5344,"13:47","9",0
"2019-09-18",2019,"WET",5344,"14:15","8",0
"2019-09-18",2019,"WET",5344,"15:10","7",0
"2019-09-18",2019,"WET",5344,"15:37","6",0
"2020-03-10",2020,"DRY",5518,"09:15","47",0
"2020-03-10",2020,"DRY",5518,"10:04","46",0
"2020-03-10",2020,"DRY",5518,"10:30","45",0
"2020-03-10",2020,"DRY",5518,"11:02","44",1
"2020-03-10",2020,"DRY",5518,"11:34","43",1
"2020-03-10",2020,"DRY",5518,"12:05","42",0
"2020-03-10",2020,"DRY",5518,"12:38","41",0
"2020-03-10",2020,"DRY",5518,"13:07","40",2
"2020-03-10",2020,"DRY",5518,"13:51","39",0
"2020-03-10",2020,"DRY",5518,"14:25","38",0
"2020-03-11",2020,"DRY",5519,"10:12","37",0
"2020-03-11",2020,"DRY",5519,"10:46","36",0
"2020-03-11",2020,"DRY",5519,"11:08","35",0
"2020-03-11",2020,"DRY",5519,"11:37","34",0
"2020-03-11",2020,"DRY",5519,"12:03","33",0
"2020-03-11",2020,"DRY",5519,"12:42","32",0
"2020-03-11",2020,"DRY",5519,"13:18","31",0
"2020-03-11",2020,"DRY",5519,"13:52","30",0
"2020-03-11",2020,"DRY",5519,"14:37","29",1
"2020-03-12",2020,"DRY",5520,"11:14","28",1
"2020-03-12",2020,"DRY",5520,"11:49","27",0
"2020-03-12",2020,"DRY",5520,"12:15","26",0
"2020-03-12",2020,"DRY",5520,"13:35","25",0
"2020-03-12",2020,"DRY",5520,"14:00","24",0
"2020-03-12",2020,"DRY",5520,"14:26","23",0
"2020-03-12",2020,"DRY",5520,"14:54","22",0
"2020-03-12",2020,"DRY",5520,"15:19","21",0
"2020-03-12",2020,"DRY",5520,"15:47","20",0
"2020-03-12",2020,"DRY",5520,"16:18","19",0
"2020-03-13",2020,"DRY",5521,"10:42","18",0
"2020-03-13",2020,"DRY",5521,"11:22","17",0
"2020-03-13",2020,"DRY",5521,"11:48","16",0
"2020-03-13",2020,"DRY",5521,"12:12","15",0
"2020-03-13",2020,"DRY",5521,"12:46","14",0
"2020-03-13",2020,"DRY",5521,"13:36","13",0
"2020-03-13",2020,"DRY",5521,"14:02","12",0
"2020-03-13",2020,"DRY",5521,"15:01","11",0
"2020-03-13",2020,"DRY",5521,"15:25","10",0
"2020-03-13",2020,"DRY",5521,"15:56","9",0
"2020-03-19",2020,"DRY",5527,"08:41","1",0
"2020-03-19",2020,"DRY",5527,"09:13","2",0
"2020-03-19",2020,"DRY",5527,"09:53","3",0
"2020-03-19",2020,"DRY",5527,"10:13","4",0
"2020-03-19",2020,"DRY",5527,"10:39","5",0
"2020-03-20",2020,"DRY",5528,"08:20","6",0
"2020-03-20",2020,"DRY",5528,"09:06","7",0
"2020-03-20",2020,"DRY",5528,"10:05","8",0
"2020-09-02",2020,"WET",5694,"09:11","47",0
"2020-09-02",2020,"WET",5694,"10:12","46",0
"2020-09-02",2020,"WET",5694,"10:57","45",0
"2020-09-02",2020,"WET",5694,"11:40","44",1
"2020-09-02",2020,"WET",5694,"12:20","43",1
"2020-09-02",2020,"WET",5694,"12:52","42",0
"2020-09-02",2020,"WET",5694,"13:29","41",1
"2020-09-02",2020,"WET",5694,"14:04","40",1
"2020-09-03",2020,"WET",5695,"09:43","39",0
"2020-09-03",2020,"WET",5695,"10:18","38",0
"2020-09-03",2020,"WET",5695,"11:18","37",0
"2020-09-03",2020,"WET",5695,"11:49","36",0
"2020-09-03",2020,"WET",5695,"12:20","35",0
"2020-09-03",2020,"WET",5695,"12:56","34",0
"2020-09-04",2020,"WET",5696,"10:13","33",0
"2020-09-04",2020,"WET",5696,"10:50","32",0
"2020-09-04",2020,"WET",5696,"11:18","31",0
"2020-09-04",2020,"WET",5696,"11:53","30",5
"2020-09-04",2020,"WET",5696,"12:23","29",0
"2020-09-04",2020,"WET",5696,"12:49","28",0
"2020-09-04",2020,"WET",5696,"13:26","27",2
"2020-09-04",2020,"WET",5696,"13:49","26",0
"2020-09-04",2020,"WET",5696,"14:15","25",0
"2020-09-04",2020,"WET",5696,"14:40","24",0
"2020-09-04",2020,"WET",5696,"15:08","23",0
"2020-09-15",2020,"WET",5707,"07:35","22",1
"2020-09-15",2020,"WET",5707,"08:00","21",0
"2020-09-15",2020,"WET",5707,"08:24","20",0
"2020-09-15",2020,"WET",5707,"08:56","19",0
"2020-09-15",2020,"WET",5707,"09:25","18",1
"2020-09-15",2020,"WET",5707,"10:06","17",0
"2020-09-15",2020,"WET",5707,"10:36","16",0
"2020-09-15",2020,"WET",5707,"10:58","15",0
"2020-09-15",2020,"WET",5707,"11:24","14",0
"2020-09-15",2020,"WET",5707,"12:06","13",0
"2020-09-15",2020,"WET",5707,"12:30","12",0
"2020-09-16",2020,"WET",5708,"07:43","1",0
"2020-09-16",2020,"WET",5708,"08:27","2",0
"2020-09-16",2020,"WET",5708,"09:21","3",0
"2020-09-16",2020,"WET",5708,"10:00","4",0
"2020-09-16",2020,"WET",5708,"10:37","5",0
"2020-09-16",2020,"WET",5708,"11:40","6",0
"2020-09-16",2020,"WET",5708,"12:19","7",0
"2020-09-16",2020,"WET",5708,"13:16","8",0
"2020-09-17",2020,"WET",5709,"07:33","9",0
"2020-09-17",2020,"WET",5709,"08:32","10",0
"2020-09-17",2020,"WET",5709,"09:12","11",1
"2021-09-18",2021,"WET",6075,"08:11","18",0
"2021-09-18",2021,"WET",6075,"08:42","19",0
"2021-09-18",2021,"WET",6075,"09:16","20",0
"2021-09-18",2021,"WET",6075,"09:42","21",0
"2021-09-18",2021,"WET",6075,"10:11","22",0
"2021-09-18",2021,"WET",6075,"10:37","23",0
"2021-09-18",2021,"WET",6075,"11:01","24",0
"2021-09-18",2021,"WET",6075,"11:34","25",0
"2021-09-18",2021,"WET",6075,"12:33","26",0
"2021-09-19",2021,"WET",6076,"08:32","27",4
"2021-09-19",2021,"WET",6076,"09:05","28",0
"2021-09-19",2021,"WET",6076,"09:28","29",4
"2021-09-19",2021,"WET",6076,"10:02","30",1
"2021-09-19",2021,"WET",6076,"10:30","31",0
"2021-09-19",2021,"WET",6076,"11:00","32",0
"2021-09-19",2021,"WET",6076,"11:32","33",0
"2021-09-19",2021,"WET",6076,"12:01","34",0
"2021-09-19",2021,"WET",6076,"12:32","35",0
"2021-09-19",2021,"WET",6076,"12:58","36",0
"2021-09-19",2021,"WET",6076,"13:24","37",0
"2021-09-20",2021,"WET",6077,"10:04","38",0
"2021-09-20",2021,"WET",6077,"10:32","39",0
"2021-09-20",2021,"WET",6077,"11:10","40",0
"2021-09-20",2021,"WET",6077,"11:37","41",0
"2021-09-20",2021,"WET",6077,"12:05","42",0
"2021-09-20",2021,"WET",6077,"12:35","43",0
"2021-09-20",2021,"WET",6077,"13:00","44",1
"2021-09-20",2021,"WET",6077,"13:29","45",0
"2021-09-20",2021,"WET",6077,"13:49","46",0
"2021-09-20",2021,"WET",6077,"14:20","47",0
"2021-09-22",2021,"WET",6079,"08:12","17",0
"2021-09-22",2021,"WET",6079,"08:43","16",0
"2021-09-22",2021,"WET",6079,"09:07","15",1
"2021-09-22",2021,"WET",6079,"09:43","14",0
"2021-09-22",2021,"WET",6079,"10:36","13",0
"2021-09-22",2021,"WET",6079,"11:00","12",0
"2021-09-22",2021,"WET",6079,"11:57","11",0
"2021-09-22",2021,"WET",6079,"12:18","10",1
"2021-09-22",2021,"WET",6079,"12:49","9",0
"2021-09-22",2021,"WET",6079,"13:18","8",0
"2021-09-23",2021,"WET",6080,"09:18","1",0
"2021-09-23",2021,"WET",6080,"10:00","2",0
"2021-09-23",2021,"WET",6080,"10:42","3",0
"2021-09-23",2021,"WET",6080,"11:12","4",0
"2021-09-23",2021,"WET",6080,"11:41","5",0
"2021-09-23",2021,"WET",6080,"12:50","6",0
"2021-09-23",2021,"WET",6080,"13:34","7",0
"2022-02-28",2022,"DRY",6238,"07:40","40",0
"2022-02-28",2022,"DRY",6238,"08:21","41",2
"2022-02-28",2022,"DRY",6238,"08:53","42",0
"2022-02-28",2022,"DRY",6238,"09:34","43",1
"2022-02-28",2022,"DRY",6238,"10:06","44",1
"2022-02-28",2022,"DRY",6238,"10:53","45",0
"2022-02-28",2022,"DRY",6238,"11:18","46",0
"2022-02-28",2022,"DRY",6238,"11:53","47",0
"2022-02-28",2022,"DRY",6238,"12:38","39",0
"2022-03-02",2022,"DRY",6240,"07:40","18",0
"2022-03-02",2022,"DRY",6240,"08:20","19",0
"2022-03-02",2022,"DRY",6240,"09:00","20",0
"2022-03-02",2022,"DRY",6240,"09:31","21",0
"2022-03-02",2022,"DRY",6240,"09:57","22",0
"2022-03-02",2022,"DRY",6240,"10:25","23",0
"2022-03-02",2022,"DRY",6240,"10:52","24",0
"2022-03-02",2022,"DRY",6240,"11:18","25",0
"2022-03-02",2022,"DRY",6240,"11:57","26",0
"2022-03-02",2022,"DRY",6240,"12:32","27",0
"2022-03-02",2022,"DRY",6240,"13:04","28",0
"2022-03-03",2022,"DRY",6241,"08:04","29",2
"2022-03-03",2022,"DRY",6241,"08:48","30",0
"2022-03-03",2022,"DRY",6241,"09:17","31",0
"2022-03-03",2022,"DRY",6241,"09:47","32",0
"2022-03-03",2022,"DRY",6241,"10:22","33",0
"2022-03-03",2022,"DRY",6241,"10:55","34",0
"2022-03-03",2022,"DRY",6241,"11:39","35",0
"2022-03-03",2022,"DRY",6241,"12:08","36",0
"2022-03-03",2022,"DRY",6241,"12:37","37",0
"2022-03-03",2022,"DRY",6241,"13:43","38",0
"2022-03-17",2022,"DRY",6255,"08:12","1",0
"2022-03-17",2022,"DRY",6255,"08:55","2",0
"2022-03-17",2022,"DRY",6255,"09:35","3",0
"2022-03-17",2022,"DRY",6255,"10:05","4",0
"2022-03-17",2022,"DRY",6255,"10:47","5",0
"2022-03-17",2022,"DRY",6255,"11:53","6",0
"2022-03-17",2022,"DRY",6255,"12:29","7",0
"2022-03-18",2022,"DRY",6256,"09:12","11",0
"2022-03-18",2022,"DRY",6256,"09:44","10",0
"2022-03-18",2022,"DRY",6256,"10:16","9",0
"2022-03-18",2022,"DRY",6256,"10:54","8",0
"2022-03-18",2022,"DRY",6256,"13:06","14",0
"2022-03-18",2022,"DRY",6256,"13:24","12",0
"2022-03-18",2022,"DRY",6256,"13:50","15",0
"2022-03-18",2022,"DRY",6256,"13:54","13",2
"2022-03-18",2022,"DRY",6256,"14:29","16",0
"2022-03-18",2022,"DRY",6256,"15:05","17",0
"2022-09-07",2022,"WET",6429,"07:46","40",1
"2022-09-07",2022,"WET",6429,"08:41","41",0
"2022-09-07",2022,"WET",6429,"09:22","42",0
"2022-09-07",2022,"WET",6429,"10:05","43",1
"2022-09-07",2022,"WET",6429,"10:36","44",0
"2022-09-07",2022,"WET",6429,"11:31","45",0
"2022-09-07",2022,"WET",6429,"12:09","46",0
"2022-09-07",2022,"WET",6429,"12:46","47",0
"2022-09-08",2022,"WET",6430,"07:50","29",1
"2022-09-08",2022,"WET",6430,"08:32","30",0
"2022-09-08",2022,"WET",6430,"09:15","31",0
"2022-09-08",2022,"WET",6430,"09:53","32",0
"2022-09-08",2022,"WET",6430,"10:34","33",0
"2022-09-08",2022,"WET",6430,"11:05","34",0
"2022-09-08",2022,"WET",6430,"11:53","35",0
"2022-09-08",2022,"WET",6430,"12:20","36",0
"2022-09-08",2022,"WET",6430,"12:48","37",0
"2022-09-09",2022,"WET",6431,"07:38","39",0
"2022-09-09",2022,"WET",6431,"08:23","38",0
"2022-09-09",2022,"WET",6431,"09:48","21",0
"2022-09-09",2022,"WET",6431,"10:25","22",0
"2022-09-09",2022,"WET",6431,"11:02","23",0
"2022-09-09",2022,"WET",6431,"11:35","24",0
"2022-09-09",2022,"WET",6431,"12:24","25",0
"2022-09-09",2022,"WET",6431,"13:00","26",0
"2022-09-09",2022,"WET",6431,"13:31","27",1
"2022-09-09",2022,"WET",6431,"14:04","28",0
"2022-09-12",2022,"WET",6434,"08:09","1",0
"2022-09-12",2022,"WET",6434,"08:52","2",0
"2022-09-12",2022,"WET",6434,"09:33","3",0
"2022-09-12",2022,"WET",6434,"10:02","4",0
"2022-09-12",2022,"WET",6434,"10:45","5",0
"2022-09-12",2022,"WET",6434,"11:50","6",0
"2022-09-12",2022,"WET",6434,"12:36","7",0
"2022-09-12",2022,"WET",6434,"13:36","8",0
"2022-09-12",2022,"WET",6434,"14:09","9",0
"2022-09-12",2022,"WET",6434,"14:39","10",0
"2022-09-12",2022,"WET",6434,"15:03","11",0
"2023-03-06",2023,"DRY",6609,"07:36","40",4
"2023-03-06",2023,"DRY",6609,"08:12","41",3
"2023-03-06",2023,"DRY",6609,"08:45","42",0
"2023-03-06",2023,"DRY",6609,"09:18","43",2
"2023-03-06",2023,"DRY",6609,"09:45","44",3
"2023-03-06",2023,"DRY",6609,"10:14","45",0
"2023-03-06",2023,"DRY",6609,"10:40","46",0
"2023-03-06",2023,"DRY",6609,"11:12","47",1
"2023-03-06",2023,"DRY",6609,"12:39","38",0
"2023-03-06",2023,"DRY",6609,"13:07","39",0
"2023-03-07",2023,"DRY",6610,"08:13","18",0
"2023-03-07",2023,"DRY",6610,"08:43","19",0
"2023-03-07",2023,"DRY",6610,"09:11","20",0
"2023-03-07",2023,"DRY",6610,"09:38","21",0
"2023-03-07",2023,"DRY",6610,"10:02","22",0
"2023-03-07",2023,"DRY",6610,"10:40","23",0
"2023-03-07",2023,"DRY",6610,"11:05","24",0
"2023-03-07",2023,"DRY",6610,"11:28","25",0
"2023-03-07",2023,"DRY",6610,"11:58","26",0
"2023-03-07",2023,"DRY",6610,"12:20","27",1
"2023-03-07",2023,"DRY",6610,"12:49","28",0
"2023-03-07",2023,"DRY",6610,"13:16","29",1
"2023-03-07",2023,"DRY",6610,"13:46","30",1
"2023-03-08",2023,"DRY",6611,"08:41","14",0
"2023-03-08",2023,"DRY",6611,"09:16","15",0
"2023-03-08",2023,"DRY",6611,"09:42","16",0
"2023-03-08",2023,"DRY",6611,"10:05","17",0
"2023-03-08",2023,"DRY",6611,"10:46","31",0
"2023-03-08",2023,"DRY",6611,"11:17","32",0
"2023-03-08",2023,"DRY",6611,"11:48","33",0
"2023-03-08",2023,"DRY",6611,"12:15","34",0
"2023-03-08",2023,"DRY",6611,"12:42","35",0
"2023-03-08",2023,"DRY",6611,"13:05","36",0
"2023-03-08",2023,"DRY",6611,"13:28","37",0
"2023-03-09",2023,"DRY",6612,"07:46","1",0
"2023-03-09",2023,"DRY",6612,"08:26","2",0
"2023-03-09",2023,"DRY",6612,"09:18","3",0
"2023-03-09",2023,"DRY",6612,"10:03","5",0
"2023-03-09",2023,"DRY",6612,"11:16","6",0
"2023-03-09",2023,"DRY",6612,"11:57","7",0
"2023-03-09",2023,"DRY",6612,"13:02","8",0
"2023-03-09",2023,"DRY",6612,"13:39","4",0
"2023-03-10",2023,"DRY",6613,"08:17","9",0
"2023-03-10",2023,"DRY",6613,"08:54","10",0
"2023-03-10",2023,"DRY",6613,"09:20","11",0
"2023-03-10",2023,"DRY",6613,"10:19","12",0
"2023-03-10",2023,"DRY",6613,"10:48","13",0
"2023-09-13",2023,"WET",6800,"08:37","38",0
"2023-09-13",2023,"WET",6800,"09:03","39",0
"2023-09-13",2023,"WET",6800,"09:41","40",0
"2023-09-13",2023,"WET",6800,"10:11","41",0
"2023-09-13",2023,"WET",6800,"10:42","42",0
"2023-09-13",2023,"WET",6800,"11:13","43",0
"2023-09-13",2023,"WET",6800,"11:40","44",0
"2023-09-13",2023,"WET",6800,"12:16","45",0
"2023-09-13",2023,"WET",6800,"12:44","46",0
"2023-09-13",2023,"WET",6800,"13:09","47",0
"2023-09-14",2023,"WET",6801,"08:11","18",0
"2023-09-14",2023,"WET",6801,"08:41","19",0
"2023-09-14",2023,"WET",6801,"09:12","20",0
"2023-09-14",2023,"WET",6801,"09:38","21",0
"2023-09-14",2023,"WET",6801,"10:02","22",0
"2023-09-14",2023,"WET",6801,"10:29","23",0
"2023-09-14",2023,"WET",6801,"11:02","24",0
"2023-09-14",2023,"WET",6801,"11:35","25",0
"2023-09-14",2023,"WET",6801,"12:07","26",0
"2023-09-14",2023,"WET",6801,"12:35","27",0
"2023-09-14",2023,"WET",6801,"13:07","28",0
"2023-09-14",2023,"WET",6801,"13:31","29",1
"2023-09-15",2023,"WET",6802,"08:44","15",0
"2023-09-15",2023,"WET",6802,"09:31","31",0
"2023-09-15",2023,"WET",6802,"10:00","32",0
"2023-09-15",2023,"WET",6802,"10:33","30",1
"2023-09-15",2023,"WET",6802,"11:10","33",0
"2023-09-15",2023,"WET",6802,"11:46","34",0
"2023-09-15",2023,"WET",6802,"12:18","35",0
"2023-09-15",2023,"WET",6802,"13:00","36",0
"2023-09-15",2023,"WET",6802,"13:25","37",1
"2023-09-18",2023,"WET",6805,"08:42","1",0
"2023-09-18",2023,"WET",6805,"09:23","2",0
"2023-09-18",2023,"WET",6805,"10:11","3",0
"2023-09-18",2023,"WET",6805,"10:44","5",0
"2023-09-18",2023,"WET",6805,"11:35","6",0
"2023-09-18",2023,"WET",6805,"12:13","7",0
"2023-09-18",2023,"WET",6805,"13:17","8",0
"2023-09-18",2023,"WET",6805,"13:48","9",0
"2023-09-18",2023,"WET",6805,"14:15","10",0
"2023-09-18",2023,"WET",6805,"14:37","11",0
"2023-09-19",2023,"WET",6806,"09:53","4",0
"2023-09-19",2023,"WET",6806,"11:17","12",0
"2023-09-19",2023,"WET",6806,"11:47","13",0
"2023-09-19",2023,"WET",6806,"12:52","14",0
"2023-09-19",2023,"WET",6806,"13:24","16",0
"2023-09-19",2023,"WET",6806,"13:52","17",0
"2024-03-07",2024,"DRY",6976,"07:22","40",0
"2024-03-07",2024,"DRY",6976,"07:58","41",0
"2024-03-07",2024,"DRY",6976,"08:30","42",0
"2024-03-07",2024,"DRY",6976,"09:01","43",2
"2024-03-07",2024,"DRY",6976,"09:31","44",2
"2024-03-07",2024,"DRY",6976,"10:06","45",0
"2024-03-07",2024,"DRY",6976,"10:42","46",0
"2024-03-07",2024,"DRY",6976,"11:15","47",0
"2024-03-08",2024,"DRY",6977,"07:47","18",0
"2024-03-08",2024,"DRY",6977,"08:27","19",0
"2024-03-08",2024,"DRY",6977,"09:01","20",0
"2024-03-08",2024,"DRY",6977,"09:31","21",0
"2024-03-08",2024,"DRY",6977,"10:00","22",0
"2024-03-08",2024,"DRY",6977,"10:28","23",0
"2024-03-08",2024,"DRY",6977,"10:54","24",0
"2024-03-08",2024,"DRY",6977,"11:38","25",0
"2024-03-08",2024,"DRY",6977,"12:16","26",0
"2024-03-11",2024,"DRY",6980,"09:15","27",0
"2024-03-11",2024,"DRY",6980,"09:52","28",0
"2024-03-11",2024,"DRY",6980,"10:16","29",0
"2024-03-11",2024,"DRY",6980,"10:47","30",2
"2024-03-11",2024,"DRY",6980,"11:15","31",0
"2024-03-11",2024,"DRY",6980,"11:45","32",0
"2024-03-11",2024,"DRY",6980,"12:31","33",0
"2024-03-11",2024,"DRY",6980,"12:59","34",0
"2024-03-11",2024,"DRY",6980,"13:28","35",0
"2024-03-11",2024,"DRY",6980,"13:52","36",2
"2024-03-11",2024,"DRY",6980,"14:14","37",0
"2024-03-11",2024,"DRY",6980,"15:09","38",0
"2024-03-11",2024,"DRY",6980,"15:33","39",0
"2024-03-12",2024,"DRY",6981,"08:44","1",1
"2024-03-12",2024,"DRY",6981,"09:31","2",0
"2024-03-12",2024,"DRY",6981,"10:09","3",0
"2024-03-12",2024,"DRY",6981,"10:41","5",0
"2024-03-12",2024,"DRY",6981,"11:48","6",0
"2024-03-12",2024,"DRY",6981,"12:24","7",0
"2024-03-12",2024,"DRY",6981,"13:30","8",0
"2024-03-12",2024,"DRY",6981,"14:03","9",0
"2024-03-12",2024,"DRY",6981,"14:44","4",0
"2024-03-13",2024,"DRY",6982,"09:41","10",0
"2024-03-13",2024,"DRY",6982,"10:12","11",0
"2024-03-13",2024,"DRY",6982,"11:11","12",0
"2024-03-13",2024,"DRY",6982,"11:37","13",0
"2024-03-13",2024,"DRY",6982,"12:27","14",0
"2024-03-13",2024,"DRY",6982,"13:02","15",0
"2024-03-13",2024,"DRY",6982,"13:27","16",0
"2024-03-13",2024,"DRY",6982,"13:58","17",0
"2024-09-03",2024,"WET",7156,"07:36","40",1
"2024-09-03",2024,"WET",7156,"08:19","41",0
"2024-09-03",2024,"WET",7156,"08:56","42",0
"2024-09-03",2024,"WET",7156,"09:35","43",0
"2024-09-03",2024,"WET",7156,"10:03","44",0
"2024-09-03",2024,"WET",7156,"10:37","45",0
"2024-09-03",2024,"WET",7156,"11:07","46",0
"2024-09-03",2024,"WET",7156,"12:00","37",0
"2024-09-03",2024,"WET",7156,"13:02","38",0
"2024-09-03",2024,"WET",7156,"13:31","39",0
"2024-09-03",2024,"WET",7156,"14:08","47",0
"2024-09-04",2024,"WET",7157,"08:44","18",0
"2024-09-04",2024,"WET",7157,"09:27","19",0
"2024-09-04",2024,"WET",7157,"10:00","20",0
"2024-09-04",2024,"WET",7157,"10:28","21",0
"2024-09-04",2024,"WET",7157,"10:53","22",0
"2024-09-04",2024,"WET",7157,"11:20","23",0
"2024-09-04",2024,"WET",7157,"11:47","24",0
"2024-09-04",2024,"WET",7157,"12:24","25",0
"2024-09-04",2024,"WET",7157,"13:03","26",0
"2024-09-04",2024,"WET",7157,"13:33","27",1
"2024-09-04",2024,"WET",7157,"14:04","28",0
"2024-09-04",2024,"WET",7157,"14:30","29",0
"2024-09-05",2024,"WET",7158,"09:29","14",0
"2024-09-05",2024,"WET",7158,"10:01","15",4
"2024-09-05",2024,"WET",7158,"10:31","16",0
"2024-09-05",2024,"WET",7158,"10:56","17",0
"2024-09-05",2024,"WET",7158,"11:40","30",0
"2024-09-05",2024,"WET",7158,"12:08","31",0
"2024-09-05",2024,"WET",7158,"12:47","32",0
"2024-09-05",2024,"WET",7158,"13:29","33",0
"2024-09-05",2024,"WET",7158,"13:53","34",0
"2024-09-05",2024,"WET",7158,"14:21","35",0
"2024-09-05",2024,"WET",7158,"14:49","36",0
"2024-09-06",2024,"WET",7159,"09:03","1",1
"2024-09-06",2024,"WET",7159,"09:43","2",0
"2024-09-06",2024,"WET",7159,"10:14","3",0
"2024-09-06",2024,"WET",7159,"10:44","5",0
"2024-09-06",2024,"WET",7159,"11:39","6",0
"2024-09-06",2024,"WET",7159,"12:18","7",0
"2024-09-06",2024,"WET",7159,"13:20","8",0
"2024-09-06",2024,"WET",7159,"13:49","9",0
"2024-09-06",2024,"WET",7159,"14:20","10",0
"2024-09-06",2024,"WET",7159,"14:44","11",0
"2024-09-09",2024,"WET",7162,"10:53","4",0
"2024-09-09",2024,"WET",7162,"12:21","12",0
"2024-09-09",2024,"WET",7162,"12:46","13",0
